"source","referenced_in_root_cmake","targets","win32ide","status"
"src/deep2/AntiPatcher.cpp","true","Deep2_Production_Bench;RawrXD-Win32IDE","true","built"
"src/deep2/BottleTTL.cpp","true","Deep2_Production_Bench;RawrXD-Win32IDE","true","built"
"src/deep2/certification/Deep2_Cert_Main.cpp","false","","false","cmake-orphan"
"src/deep2/CompressedKVCache.cpp","true","Deep2_Production_Bench","false","built"
"src/deep2/CPUFrequency.cpp","true","Deep2_Production_Bench;RawrXD-Win32IDE","true","built"
"src/deep2/deep2_benchmark_main.cpp","false","","false","cmake-orphan"
"src/deep2/deep2_end_to_end_bench.cpp","true","Deep2_Production_Bench","false","built"
"src/deep2/Deep2_Gateway_Integration_Test.cpp","false","","false","cmake-orphan"
"src/deep2/Deep2_Gateway_Runtime_Certification.cpp","false","","false","cmake-orphan"
"src/deep2/deep2_http_gateway.cpp","false","","false","cmake-orphan"
"src/deep2/deep2_link_stubs.cpp","false","","false","cmake-orphan"
"src/deep2/deep2_moe_bench_standalone.cpp","false","","false","cmake-orphan"
"src/deep2/Deep2_Phase0_ProductionTest.cpp","false","","false","cmake-orphan"
"src/deep2/Deep2_Phase0_SmokeTest.cpp","false","","false","cmake-orphan"
"src/deep2/Deep2_Phase1_Smoketest.cpp","false","","false","cmake-orphan"
"src/deep2/Deep2_Phase2_MultiGPU_Smoketest.cpp","false","","false","cmake-orphan"
"src/deep2/Deep2_Phase3_Smoketest.cpp","false","","false","cmake-orphan"
"src/deep2/deep2_server_main.cpp","false","","false","cmake-orphan"
"src/deep2/Deep2APIServer_Complete.cpp","false","","false","cmake-orphan"
"src/deep2/Deep2APIServer.cpp","false","","false","cmake-orphan"
"src/deep2/Deep2Benchmark.cpp","false","","false","cmake-orphan"
"src/deep2/Deep2Bridge.cpp","true","test_generation","false","built"
"src/deep2/Deep2Discovery.cpp","false","","false","cmake-orphan"
"src/deep2/Deep2Engine_FullSmoketest.cpp","false","","false","cmake-orphan"
"src/deep2/Deep2Engine_KernelTest.cpp","false","","false","cmake-orphan"
"src/deep2/Deep2Engine_SmokeTest_Minimal.cpp","false","","false","cmake-orphan"
"src/deep2/Deep2Engine_SmokeTest.cpp","false","","false","cmake-orphan"
"src/deep2/Deep2Engine_ValidationTest.cpp","false","","false","cmake-orphan"
"src/deep2/Deep2Engine.cpp","true","Deep2_Production_Bench;test_generation","false","built"
"src/deep2/Deep2ExecutionGraph.cpp","true","Deep2_Production_Bench","false","built"
"src/deep2/Deep2IDEIntegration.cpp","true","RawrXD-Win32IDE;test_generation","true","built"
"src/deep2/Deep2InferenceEndpoint.cpp","false","","false","cmake-orphan"
"src/deep2/Deep2InferenceGateway.cpp","false","","false","cmake-orphan"
"src/deep2/Deep2Integration.cpp","false","","false","cmake-orphan"
"src/deep2/Deep2LocalServer.cpp","false","","false","cmake-orphan"
"src/deep2/Deep2Server_Minimal.cpp","false","","false","cmake-orphan"
"src/deep2/Deep2Server_Sovereign.cpp","false","","false","cmake-orphan"
"src/deep2/DeepSeekMoELoader.cpp","true","Deep2_Production_Bench","false","built"
"src/deep2/DualGPUHook.cpp","true","Deep2_Production_Bench;RawrXD-Win32IDE","true","built"
"src/deep2/dump_tensors.cpp","false","","false","cmake-orphan"
"src/deep2/FabricTensorTable.cpp","true","RawrXD-Win32IDE;test_generation","true","built"
"src/deep2/FusedInferenceKernel.cpp","false","","false","cmake-orphan"
"src/deep2/GGUFDiagnostics.cpp","false","","false","cmake-orphan"
"src/deep2/GGUFLoader_Fixed.cpp","false","","false","cmake-orphan"
"src/deep2/GGUFLoader.cpp","true","Deep2_Production_Bench","false","built"
"src/deep2/GGUFVerifier.cpp","false","","false","cmake-orphan"
"src/deep2/GoalSystem.cpp","true","Deep2_Production_Bench;RawrXD-Win32IDE","true","built"
"src/deep2/gpu/Deep2GPUBackend.cpp","false","","false","cmake-orphan"
"src/deep2/HotPatcher.cpp","true","Deep2_Production_Bench;RawrXD-Win32IDE","true","built"
"src/deep2/HotPatcherExample.cpp","false","","false","cmake-orphan"
"src/deep2/HotPatcherSafety.cpp","true","Deep2_Production_Bench;RawrXD-Win32IDE","true","built"
"src/deep2/HotPatcherSafetyTest.cpp","false","","false","cmake-orphan"
"src/deep2/InferenceSession.cpp","true","test_generation","false","built"
"src/deep2/IntelligentPatchingExample.cpp","false","","false","cmake-orphan"
"src/deep2/IQQuantKernels.cpp","false","","false","cmake-orphan"
"src/deep2/KVCache.cpp","true","Deep2_Production_Bench","false","built"
"src/deep2/mars/DualGPUBackend.cpp","true","Deep2_Production_Bench","false","built"
"src/deep2/mars/MARSController.cpp","true","Deep2_Production_Bench","false","built"
"src/deep2/mars/TensorHotpatch.cpp","true","Deep2_Production_Bench","false","built"
"src/deep2/mars/test_mars_controller.cpp","false","","false","cmake-orphan"
"src/deep2/mars/VRAMManager.cpp","true","Deep2_Production_Bench","false","built"
"src/deep2/MASMKernelStubs.cpp","false","","false","cmake-orphan"
"src/deep2/mcp_bridge.cpp","false","","false","cmake-orphan"
"src/deep2/MedusaDecoder.cpp","true","Deep2_Production_Bench","false","built"
"src/deep2/ModelLoader.cpp","false","","false","cmake-orphan"
"src/deep2/ModelRegistry.cpp","false","","false","cmake-orphan"
"src/deep2/ModelRegistry/GGUFModelRegistry.cpp","false","","false","cmake-orphan"
"src/deep2/moe_microbench.cpp","false","","false","cmake-orphan"
"src/deep2/moe_simple_bench.cpp","false","","false","cmake-orphan"
"src/deep2/moe_test.cpp","false","","false","cmake-orphan"
"src/deep2/moe_validation_test.cpp","false","","false","cmake-orphan"
"src/deep2/MoEArchitectureParser.cpp","true","Deep2_Production_Bench","false","built"
"src/deep2/MoERouter.cpp","true","Deep2_Production_Bench","false","built"
"src/deep2/MoEWeightProxy.cpp","true","Deep2_Production_Bench","false","built"
"src/deep2/MoEWeightsLoader.cpp","true","Deep2_Production_Bench","false","built"
"src/deep2/MultiGPU/GPUDeviceRegistry.cpp","false","","false","cmake-orphan"
"src/deep2/MultiGPU/MultiGPUScheduler.cpp","false","","false","cmake-orphan"
"src/deep2/MultiGPU/VRAMAllocator.cpp","false","","false","cmake-orphan"
"src/deep2/NUFusedPacker.cpp","true","Deep2_Production_Bench","false","built"
"src/deep2/NVMeStream.cpp","true","Deep2_Production_Bench","false","built"
"src/deep2/PatchCache.cpp","true","Deep2_Production_Bench;RawrXD-Win32IDE","true","built"
"src/deep2/production/Deep2ProductionRuntime.cpp","false","","false","cmake-orphan"
"src/deep2/QuantKernelRegistry.cpp","true","Deep2_Production_Bench","false","built"
"src/deep2/RawrXDInferenceAdapter.cpp","false","","false","cmake-orphan"
"src/deep2/reverse_integration_standalone_test.cpp","false","","false","cmake-orphan"
"src/deep2/ReverseHotpatchEngine.cpp","true","Deep2_Production_Bench","false","built"
"src/deep2/ReverseIntegration.cpp","true","Deep2_Production_Bench","false","built"
"src/deep2/ReverseTensorRecovery.cpp","true","Deep2_Production_Bench;RawrXD-Win32IDE","true","built"
"src/deep2/router_bench.cpp","false","","false","cmake-orphan"
"src/deep2/router_latency_test.cpp","false","","false","cmake-orphan"
"src/deep2/RuntimePlanner.cpp","false","","false","cmake-orphan"
"src/deep2/ShardRouterIntegration.cpp","true","RawrXD-Win32IDE","true","built"
"src/deep2/SlidingWindowEngine.cpp","true","Deep2_Production_Bench","false","built"
"src/deep2/StreamEngine.cpp","true","Deep2_Production_Bench;RawrXD-Win32IDE","true","built"
"src/deep2/StreamRouter.cpp","false","","false","cmake-orphan"
"src/deep2/TensorHop.cpp","true","Deep2_Production_Bench","false","built"
"src/deep2/test_api_server.cpp","false","","false","cmake-orphan"
"src/deep2/test_gguf_fix.cpp","false","","false","cmake-orphan"
"src/deep2/test_real_gguf_load.cpp","false","","false","cmake-orphan"
"src/deep2/test_real_gguf_validate.cpp","false","","false","cmake-orphan"
"src/deep2/test_tool_limit_hotpatch.cpp","false","","false","cmake-orphan"
"src/deep2/tests/numerical/kernel_test.cpp","false","","false","cmake-orphan"
"src/deep2/tests/numerical/layer_compare.cpp","false","","false","cmake-orphan"
"src/deep2/TheDualityExample.cpp","false","","false","cmake-orphan"
"src/deep2/ThreadPool.cpp","true","Deep2_Production_Bench","false","built"
"src/deep2/TrailBrake.cpp","true","Deep2_Production_Bench;RawrXD-Win32IDE","true","built"
"src/deep2/TrailBrakeExample.cpp","false","","false","cmake-orphan"
"src/deep2/UniversalModelLoader.cpp","false","","false","cmake-orphan"
"src/deep2/val000_integration_test.cpp","false","","false","cmake-orphan"
"src/deep2/VAL038_Benchmark_Harness.cpp","false","","false","cmake-orphan"
"src/deep2/val038_deepseek_moe_e2e.cpp","false","","false","cmake-orphan"
"src/deep2/VAL063_Deep2Certification.cpp","false","","false","cmake-orphan"
"src/deep2/validation/Deep2Validation.cpp","false","","false","cmake-orphan"
"src/deep2/WarmupScheduler.cpp","true","Deep2_Production_Bench","false","built"
