18	IDE_GUI_LIFECYCLE_SMOKE_001
19	IDE_GUI_LIFECYCLE_SMOKE_001
20	IDE_GUI_LIFECYCLE_SMOKE_001
21	IDE_GUI_LIFECYCLE_SMOKE_001
22	IDE_REMAINING_GEN_006
23	IDE_REMAINING_GEN_004
24	IDE_PRODUCT_PATH_COVERAGE_001
25	IDE_PRODUCT_PATH_COVERAGE_001
26	IDE_PRODUCT_PATH_COVERAGE_001
27	IDE_PRODUCT_PATH_COVERAGE_001
28	IDE_PRODUCT_PATH_COVERAGE_001
29	IDE_PRODUCT_PATH_COVERAGE_001
30	IDE_PRODUCT_PATH_COVERAGE_001
31	IDE_PRODUCT_PATH_COVERAGE_001
32	IDE_PRODUCT_PATH_COVERAGE_002
33	IDE_PRODUCT_PATH_COVERAGE_002
34	IDE_PRODUCT_PATH_COVERAGE_001
35	IDE_PRODUCT_PATH_COVERAGE_001
36	IDE_PRODUCT_PATH_COVERAGE_002
37	IDE_PRODUCT_PATH_COVERAGE_002
38	IDE_PRODUCT_PATH_COVERAGE_001
39	IDE_PRODUCT_PATH_COVERAGE_001
40	IDE_PRODUCT_PATH_COVERAGE_001
41	IDE_PRODUCT_PATH_COVERAGE_001
42	IDE_PRODUCT_PATH_COVERAGE_001
43	IDE_PRODUCT_PATH_COVERAGE_002
44	IDE_PRODUCT_PATH_COVERAGE_002
45	IDE_PRODUCT_PATH_COVERAGE_001
46	IDE_PRODUCT_PATH_COVERAGE_001
47	IDE_GUI_LIFECYCLE_SMOKE_001
48	IDE_GUI_LIFECYCLE_SMOKE_001
49	IDE_PRODUCT_PATH_COVERAGE_001
50	IDE_REMAINING_GEN_003
51	IDE_REMAINING_GEN_003
52	IDE_PRODUCT_PATH_COVERAGE_002
53	IDE_PRODUCT_PATH_COVERAGE_002
54	IDE_PRODUCT_PATH_COVERAGE_002
55	IDE_PRODUCT_PATH_COVERAGE_002
56	IDE_PRODUCT_PATH_COVERAGE_002
57	IDE_REMAINING_GEN_003
58	IDE_REMAINING_GEN_006
59	IDE_REMAINING_GEN_006
60	IDE_REMAINING_GEN_004
61	IDE_REMAINING_GEN_005
62	IDE_REMAINING_GEN_005
63	IDE_REMAINING_GEN_004
64	IDE_REMAINING_GEN_004
65	IDE_REMAINING_GEN_004
66	IDE_REMAINING_GEN_004
67	IDE_REMAINING_GEN_005
68	IDE_REMAINING_GEN_005
69	IDE_REMAINING_GEN_004
70	IDE_REMAINING_GEN_004
71	IDE_REMAINING_GEN_004
72	IDE_REMAINING_GEN_004
73	IDE_REMAINING_GEN_004
74	IDE_REMAINING_GEN_004
75	IDE_REMAINING_GEN_005
76	IDE_REMAINING_GEN_005
77	IDE_REMAINING_GEN_005
78	IDE_REMAINING_GEN_005
79	IDE_REMAINING_GEN_004
80	IDE_REMAINING_GEN_004
81	IDE_REMAINING_GEN_005
82	IDE_REMAINING_GEN_005
83	IDE_REMAINING_GEN_005
84	IDE_REMAINING_GEN_005
85	IDE_REMAINING_GEN_005
86	IDE_REMAINING_GEN_005
87	IDE_REMAINING_GEN_005
88	IDE_GUI_LIFECYCLE_SMOKE_001
89	IDE_REMAINING_GEN_005
90	IDE_REMAINING_GEN_004
91	IDE_PRODUCT_PATH_COVERAGE_001
92	IDE_PRODUCT_PATH_COVERAGE_001
93	IDE_GUI_LIFECYCLE_SMOKE_001
94	IDE_GUI_LIFECYCLE_SMOKE_001
95	IDE_REMAINING_GEN_006
96	IDE_PRODUCT_PATH_COVERAGE_001
