t_sec,ws_mb,pm_mb,handles,threads,cpu_sec
0,18.9,11.3,206,5,0.05
1,18.9,11.3,206,5,0.05
2,18.9,11.3,206,5,0.05
3,18.9,11.3,206,5,0.05
4,18.9,11.3,206,5,0.05
5,18.9,11.3,206,5,0.05
6,18.9,11.3,206,5,0.05
7,18.9,11.3,206,5,0.05
8,18.9,11.3,206,5,0.05
9,18.9,11.3,206,5,0.05
10,18.9,11.3,206,5,0.05
11,18.9,11.3,206,5,0.05
12,18.9,11.3,206,5,0.05
13,18.9,11.3,206,5,0.05
14,18.9,11.3,206,5,0.05
15,18.9,11.3,206,5,0.05
16,18.9,11.3,206,5,0.05
17,18.9,11.3,206,5,0.05
18,18.9,11.3,206,5,0.05
19,18.9,11.3,206,5,0.05
20,18.9,11.3,206,5,0.05
21,18.9,11.3,206,5,0.05
22,18.9,11.3,206,5,0.05
23,18.9,11.3,206,5,0.05
24,18.9,11.3,206,5,0.05
25,18.9,11.3,206,5,0.05
26,18.9,11.3,206,5,0.05
27,18.9,11.3,206,5,0.05
28,18.9,11.3,206,5,0.05
29,19,11.3,207,7,0.05
30,19,11.3,207,7,0.05
31,19,11.3,207,7,0.05
32,19,11.3,207,7,0.05
33,19,11.3,207,7,0.05
34,19,11.3,207,7,0.05
35,19,11.3,207,7,0.05
36,19,11.3,207,7,0.05
37,19,11.3,207,7,0.05
38,19,11.3,207,7,0.05
39,19,11.3,207,7,0.05
40,19,11.3,207,7,0.05
41,19,11.3,207,7,0.05
42,19,11.3,207,7,0.05
43,19,11.3,207,7,0.05
44,19,11.3,207,7,0.05
