"Dup","Sym","Owner"
"unlinked_symbols_batch_001.obj","asm_watchdog_shutdown","gold_command_providers.obj"
"win32ide_watchdog_init.obj","asm_watchdog_init","gold_command_providers.obj"
"unlinked_symbols_batch_005.obj","asm_watchdog_get_baseline","gold_command_providers.obj"
"unlinked_symbols_batch_005.obj","asm_watchdog_get_status","gold_command_providers.obj"
"unlinked_symbols_batch_005.obj","asm_watchdog_verify","gold_command_providers.obj"
"unlinked_symbols_batch_006.obj","asm_omega_get_stats","gold_command_providers.obj"
"unlinked_symbols_batch_007.obj","asm_mesh_get_stats","gold_command_providers.obj"
"unlinked_symbols_batch_007.obj","asm_speciator_evaluate","gold_command_providers.obj"
"unlinked_symbols_batch_008.obj","asm_neural_get_stats","gold_command_providers.obj"
"unlinked_symbols_batch_008.obj","asm_speciator_get_stats","gold_command_providers.obj"
"unlinked_symbols_batch_009.obj","asm_hwsynth_get_stats","gold_command_providers.obj"
"rawrxd_subsystem_api.obj","AVScanMode","unlinked_symbols_batch_010.obj"
"rawrxd_subsystem_api.obj","BasicBlockCovMode","unlinked_symbols_batch_009.obj"
"rawrxd_subsystem_api.obj","CompileMode","unlinked_symbols_batch_010.obj"
"rawrxd_subsystem_api.obj","CovFusionMode","unlinked_symbols_batch_009.obj"
"rawrxd_subsystem_api.obj","DiffCovMode","unlinked_symbols_batch_009.obj"
"rawrxd_subsystem_api.obj","DynTraceMode","unlinked_symbols_batch_009.obj"
"rawrxd_subsystem_api.obj","EncryptMode","unlinked_symbols_batch_010.obj"
"rawrxd_subsystem_api.obj","EntropyMode","unlinked_symbols_batch_010.obj"
"rawrxd_subsystem_api.obj","GapFuzzMode","unlinked_symbols_batch_010.obj"
"rawrxd_subsystem_api.obj","InjectMode","unlinked_symbols_batch_009.obj"
"rawrxd_subsystem_api.obj","IntelPTMode","unlinked_symbols_batch_009.obj"
"rawrxd_subsystem_api.obj","PersistenceMode","unlinked_symbols_batch_009.obj"
"rawrxd_subsystem_api.obj","SO_CreateComputePipelines","unlinked_symbols_batch_010.obj"
"rawrxd_subsystem_api.obj","SO_CreateMemoryArena","unlinked_symbols_batch_010.obj"
"rawrxd_subsystem_api.obj","SO_CreateThreadPool","unlinked_symbols_batch_010.obj"
"rawrxd_subsystem_api.obj","SO_InitializePrefetchQueue","unlinked_symbols_batch_010.obj"
"rawrxd_subsystem_api.obj","SO_InitializeStreaming","unlinked_symbols_batch_010.obj"
"rawrxd_subsystem_api.obj","SO_InitializeVulkan","unlinked_symbols_batch_010.obj"
"rawrxd_subsystem_api.obj","SO_LoadExecFile","unlinked_symbols_batch_011.obj"
"rawrxd_subsystem_api.obj","SO_PrintMetrics","unlinked_symbols_batch_011.obj"
"rawrxd_subsystem_api.obj","SO_PrintStatistics","unlinked_symbols_batch_011.obj"
"rawrxd_subsystem_api.obj","SO_StartDEFLATEThreads","unlinked_symbols_batch_011.obj"
"rawrxd_subsystem_api.obj","SideloadMode","unlinked_symbols_batch_009.obj"
"rawrxd_subsystem_api.obj","StubGenMode","unlinked_symbols_batch_010.obj"
"rawrxd_subsystem_api.obj","TraceEngineMode","unlinked_symbols_batch_010.obj"
"rawrxd_subsystem_api.obj","UACBypassMode","unlinked_symbols_batch_010.obj"
"omega_asm_native_kernel.obj","asm_omega_agent_spawn","unlinked_symbols_batch_006.obj"
"omega_asm_native_kernel.obj","asm_omega_agent_step","unlinked_symbols_batch_006.obj"
"omega_asm_native_kernel.obj","asm_omega_architect_select","unlinked_symbols_batch_005.obj"
"omega_asm_native_kernel.obj","asm_omega_deploy_distribute","unlinked_symbols_batch_005.obj"
"omega_asm_native_kernel.obj","asm_omega_evolve_improve","unlinked_symbols_batch_005.obj"
"omega_asm_native_kernel.obj","asm_omega_execute_pipeline","unlinked_symbols_batch_006.obj"
"omega_asm_native_kernel.obj","asm_omega_get_stats","gold_command_providers.obj"
"omega_asm_native_kernel.obj","asm_omega_implement_generate","unlinked_symbols_batch_005.obj"
"omega_asm_native_kernel.obj","asm_omega_ingest_requirement","unlinked_symbols_batch_005.obj"
"omega_asm_native_kernel.obj","asm_omega_init","unlinked_symbols_batch_005.obj"
"omega_asm_native_kernel.obj","asm_omega_observe_monitor","unlinked_symbols_batch_005.obj"
"omega_asm_native_kernel.obj","asm_omega_plan_decompose","unlinked_symbols_batch_005.obj"
"omega_asm_native_kernel.obj","asm_omega_shutdown","unlinked_symbols_batch_001.obj"
"omega_asm_native_kernel.obj","asm_omega_verify_test","unlinked_symbols_batch_005.obj"
"omega_asm_native_kernel.obj","asm_omega_world_model_update","unlinked_symbols_batch_006.obj"
"win32ide_asm_kernel_bridge.obj","asm_camellia256_auth_decrypt_file","unlinked_symbols_batch_005.obj"
"win32ide_asm_kernel_bridge.obj","asm_camellia256_auth_encrypt_file","unlinked_symbols_batch_005.obj"
"win32ide_asm_kernel_bridge.obj","asm_gguf_loader_close","unlinked_symbols_batch_001.obj"
"win32ide_asm_kernel_bridge.obj","asm_lsp_bridge_shutdown","unlinked_symbols_batch_001.obj"
"win32ide_asm_kernel_bridge.obj","asm_perf_begin","unlinked_symbols_batch_001.obj"
"win32ide_asm_kernel_bridge.obj","asm_perf_end","unlinked_symbols_batch_001.obj"
"win32ide_asm_kernel_bridge.obj","asm_perf_init","unlinked_symbols_batch_001.obj"
"win32ide_asm_kernel_bridge.obj","asm_perf_read_slot","unlinked_symbols_batch_001.obj"
"win32ide_asm_kernel_bridge.obj","asm_perf_reset_slot","unlinked_symbols_batch_001.obj"
"win32ide_asm_kernel_bridge.obj","find_pattern_asm","byte_level_hotpatcher.obj"
