t_sec,ws_mb,private_mb,handles,threads
0,17,11.2,181,5
1,17,11.2,181,5
2,17,11.2,181,5
3,17,11.2,181,5
4,17,11.2,181,5
5,17,11.2,181,5
6,17,11.2,181,5
7,17,11.2,181,5
8,17,11.2,181,5
9,17,11.2,181,5
10,17,11.2,181,5
11,17,11.2,181,5
12,17,11.2,181,5
13,17,11.2,181,5
14,17,11.2,181,5
15,17,11.2,181,5
16,17,11.2,181,5
17,17,11.2,181,5
18,17,11.2,181,5
19,17,11.2,181,5
20,17,11.2,181,5
21,17,11.2,181,5
22,17,11.2,181,5
23,17,11.2,181,5
24,17,11.2,181,5
25,17,11.2,181,5
26,17,11.2,181,5
27,17,11.2,181,5
28,17,11.2,181,5
29,17,11.2,182,5
30,17,11.2,182,5
31,17,11.2,182,5
32,17,11.2,182,5
33,17,11.2,182,5
34,17,11.2,182,5
35,17,11.2,182,5
36,17,11.2,182,5
37,17,11.2,182,5
38,17,11.2,182,5
39,17,11.2,182,5
40,17,11.2,182,5
41,17,11.2,182,5
42,17,11.2,182,5
43,17,11.2,182,5
44,17,11.2,182,5
45,17,11.2,182,5
46,17,11.2,182,5
47,17,11.2,182,5
48,17,11.2,182,5
49,17,11.2,182,5
50,17,11.2,182,5
51,17,11.2,182,5
52,17,11.2,182,5
53,17,11.2,182,5
54,17,11.2,182,5
55,17,11.2,182,5
56,17,11.2,182,5
57,17,11.2,182,5
58,17,11.2,182,5
59,16.9,11.1,182,4
60,16.9,11.1,182,4
61,16.9,11.1,182,4
62,16.9,11.1,182,4
63,16.9,11.1,182,4
64,16.9,11.1,182,4
65,16.9,11.1,182,4
66,16.9,11.1,182,4
67,16.9,11.1,182,4
68,16.9,11.1,182,4
69,16.9,11.1,182,4
70,16.9,11.1,182,4
71,16.9,11.1,182,4
72,16.9,11.1,182,4
73,16.9,11.1,182,4
74,16.9,11.1,182,4
75,16.9,11.1,182,4
76,16.9,11.1,182,4
77,16.9,11.1,182,4
78,16.9,11.1,182,4
79,16.9,11.1,182,4
80,16.9,11.1,182,4
81,16.9,11.1,182,4
82,16.9,11.1,182,4
83,16.9,11.1,182,4
84,16.9,11.1,182,4
85,16.9,11.1,182,4
86,16.9,11.1,182,4
87,16.9,11.1,182,4
88,16.9,11.1,182,4
89,16.9,11.1,182,4
90,16.9,11.1,182,4
91,16.9,11.1,182,4
92,16.9,11.1,182,4
93,16.9,11.1,182,4
94,16.9,11.1,182,4
95,16.9,11.1,182,4
96,16.9,11.1,182,4
97,16.9,11.1,182,4
98,16.9,11.1,182,4
99,16.9,11.1,182,4
100,16.9,11.1,182,4
101,16.9,11.1,182,4
102,16.9,11.1,182,4
103,16.9,11.1,182,4
104,16.9,11.1,182,4
105,16.9,11.1,182,4
106,16.9,11.1,182,4
107,16.9,11.1,182,4
108,16.9,11.1,182,4
109,16.9,11.1,182,4
110,16.9,11.1,182,4
111,16.9,11.1,182,4
112,16.9,11.1,182,4
113,16.9,11.1,182,4
114,16.9,11.1,182,4
115,16.9,11.1,182,4
116,16.9,11.1,182,4
117,16.9,11.1,182,4
118,16.9,11.1,182,4
119,16.9,11.1,182,4
120,16.9,11.1,182,4
121,16.9,11.1,182,4
122,16.9,11.1,182,4
123,16.9,11.1,182,4
124,16.9,11.1,182,4
125,16.9,11.1,182,4
126,16.9,11.1,182,4
127,16.9,11.1,182,4
128,16.9,11.1,182,4
129,16.9,11.1,182,4
130,16.9,11.1,182,4
131,16.9,11.1,182,4
132,16.9,11.1,180,2
133,16.9,11.1,180,2
134,16.9,11.1,180,2
135,16.9,11.1,180,2
136,16.9,11.1,180,2
137,16.9,11.1,180,2
138,16.9,11.1,180,2
139,16.9,11.1,180,2
140,16.9,11.1,180,2
141,16.9,11.1,180,2
142,16.9,11.1,180,2
143,16.9,11.1,180,2
144,16.9,11.1,180,2
145,16.9,11.1,180,2
146,16.9,11.1,180,2
147,16.9,11.1,180,2
148,16.9,11.1,180,2
149,16.9,11.1,180,2
150,16.9,11.1,180,2
151,16.9,11.1,180,2
152,16.9,11.1,180,2
153,16.9,11.1,180,2
154,16.9,11.1,180,2
155,16.9,11.1,180,2
156,16.9,11.1,180,2
157,16.9,11.1,180,2
158,16.9,11.1,180,2
159,16.9,11.1,180,2
160,16.9,11.1,180,2
161,16.9,11.1,180,2
162,16.9,11.1,180,2
163,16.9,11.1,180,2
164,16.9,11.1,180,2
165,16.9,11.1,180,2
166,16.9,11.1,180,2
167,16.9,11.1,180,2
168,16.9,11.1,180,2
169,16.9,11.1,180,2
170,16.9,11.1,180,2
171,16.9,11.1,180,2
172,16.9,11.1,180,2
173,16.9,11.1,180,2
174,16.9,11.1,180,2
175,16.9,11.1,180,2
176,16.9,11.1,180,2
177,16.9,11.1,180,2
178,16.9,11.1,180,2
179,16.9,11.1,180,2
180,16.9,11.1,180,2
181,16.9,11.1,180,2
182,16.9,11.1,180,2
183,16.9,11.1,180,2
184,16.9,11.1,180,2
185,16.9,11.1,180,2
186,16.9,11.1,180,2
187,16.9,11.1,180,2
188,16.9,11.1,180,2
189,16.9,11.1,180,2
190,16.9,11.1,180,2
191,16.9,11.1,180,2
192,16.9,11.1,180,2
193,16.9,11.1,180,2
194,16.9,11.1,180,2
195,16.9,11.1,180,2
196,16.9,11.1,180,2
197,16.9,11.1,180,2
198,16.9,11.1,180,2
199,16.9,11.1,180,2
200,16.9,11.1,180,2
201,16.9,11.1,180,2
202,16.9,11.1,180,2
203,16.9,11.1,180,2
204,16.9,11.1,180,2
205,16.9,11.1,180,2
206,16.9,11.1,180,2
207,16.9,11.1,180,2
208,16.9,11.1,180,2
209,16.9,11.1,180,2
210,16.9,11.1,180,2
211,16.9,11.1,180,2
212,16.9,11.1,180,2
213,16.9,11.1,180,2
214,16.9,11.1,180,2
215,16.9,11.1,180,2
216,16.9,11.1,180,2
217,16.9,11.1,180,2
218,16.9,11.1,180,2
219,16.9,11.1,180,2
220,16.9,11.1,180,2
221,16.9,11.1,180,2
222,16.9,11.1,180,2
223,16.9,11.1,180,2
224,16.9,11.1,180,2
225,16.9,11.1,180,2
226,16.9,11.1,180,2
227,16.9,11.1,180,2
228,16.9,11.1,180,2
229,16.9,11.1,180,2
230,16.9,11.1,180,2
231,16.9,11.1,180,2
232,16.9,11.1,180,2
233,16.9,11.1,180,2
234,16.9,11.1,180,2
235,16.9,11.1,180,2
236,16.9,11.1,180,2
237,16.9,11.1,180,2
238,16.9,11.1,180,2
239,16.9,11.1,180,2
240,16.9,11.1,180,2
241,16.9,11.1,180,2
242,16.9,11.1,180,2
243,16.9,11.1,180,2
244,16.9,11.1,180,2
245,16.9,11.1,180,2
246,16.9,11.1,180,2
247,16.9,11.1,180,2
248,16.9,11.1,180,2
249,16.9,11.1,180,2
250,16.9,11.1,180,2
251,16.9,11.1,180,2
252,16.9,11.1,180,2
253,16.9,11.1,180,2
254,16.9,11.1,180,2
255,16.9,11.1,180,2
256,16.9,11.1,180,2
257,16.9,11.1,180,2
258,16.9,11.1,180,2
259,16.9,11.1,180,2
260,16.9,11.1,180,2
261,16.9,11.1,180,2
262,16.9,11.1,180,2
263,16.9,11.1,180,2
264,16.9,11.1,180,2
265,16.9,11.1,180,2
266,16.9,11.1,180,2
267,16.9,11.1,180,2
268,16.9,11.1,180,2
269,16.9,11.1,180,2
270,16.9,11.1,180,2
271,16.9,11.1,180,2
272,16.9,11.1,180,2
273,16.9,11.1,180,2
274,16.9,11.1,180,2
275,16.9,11.1,180,2
276,16.9,11.1,180,2
277,16.9,11.1,180,2
278,16.9,11.1,180,2
279,16.9,11.1,180,2
280,16.9,11.1,180,2
281,16.9,11.1,180,2
282,16.9,11.1,180,2
283,16.9,11.1,180,2
284,16.9,11.1,180,2
285,16.9,11.1,180,2
286,16.9,11.1,180,2
287,16.9,11.1,180,2
288,16.9,11.1,180,2
289,16.9,11.1,180,2
290,16.9,11.1,180,2
291,16.9,11.1,180,2
292,16.9,11.1,180,2
293,16.9,11.1,180,2
294,16.9,11.1,180,2
295,17.1,11.2,180,5
296,17.1,11.2,180,5
297,17.1,11.2,180,5
298,17.1,11.2,180,5
299,17.1,11.2,180,5
300,17.1,11.2,180,5
301,17.1,11.2,180,5
302,17.1,11.2,180,5
303,17.1,11.2,180,5
304,17.1,11.2,180,5
305,17.1,11.2,180,5
306,17.1,11.2,180,5
307,17.1,11.2,180,5
308,17.1,11.2,180,5
309,17.1,11.2,180,5
310,17.1,11.2,180,5
311,17.1,11.2,180,5
312,17.1,11.2,180,5
313,17.1,11.2,180,5
314,17.1,11.2,180,5
315,17.1,11.2,180,5
316,17.1,11.2,180,5
317,17.1,11.2,180,5
318,17.1,11.2,180,5
319,17.1,11.2,180,5
320,17.1,11.2,180,5
321,17.1,11.2,180,5
322,17.1,11.2,180,5
323,17.1,11.2,180,5
324,17.1,11.2,180,5
325,17.1,11.2,180,5
326,17.1,11.2,180,5
327,17.1,11.2,180,5
328,17.1,11.2,180,5
329,17.1,11.2,180,5
330,17.1,11.2,180,5
331,17.1,11.2,180,5
332,17.1,11.2,180,5
333,17.1,11.2,180,5
334,17.1,11.2,180,5
335,17.1,11.2,180,5
336,17.1,11.2,180,5
337,17.1,11.2,180,5
338,17.1,11.2,180,5
339,17.1,11.2,180,5
340,17.1,11.2,180,5
341,17.1,11.2,180,5
342,17.1,11.2,180,5
343,17.1,11.2,180,5
344,17.1,11.2,180,5
345,17.1,11.2,180,5
346,17.1,11.2,180,5
347,17.1,11.2,180,5
348,17.1,11.2,180,5
349,17.1,11.2,180,5
350,17.1,11.2,180,5
351,17.1,11.2,180,5
352,17.1,11.2,180,5
353,17.1,11.2,180,5
354,17.1,11.2,180,5
355,17.1,11.2,180,5
356,17.1,11.2,180,5
357,17.1,11.2,180,5
358,17.1,11.2,180,5
359,17.1,11.2,180,5
360,17.1,11.2,180,5
361,17.1,11.2,180,5
362,17.1,11.2,180,5
363,17.1,11.2,180,5
364,17.1,11.2,180,5
365,17.1,11.2,180,5
366,17.1,11.2,180,5
367,17.1,11.2,180,5
368,17.1,11.2,180,5
369,17.1,11.2,180,5
370,17.1,11.2,180,5
371,17.1,11.2,180,5
372,17.1,11.2,180,5
373,17.1,11.2,180,5
374,17.1,11.2,180,5
375,17.1,11.2,180,5
376,17.1,11.2,180,5
377,17.1,11.2,180,5
378,17.1,11.2,180,5
379,17.1,11.2,180,5
380,17.1,11.2,180,5
381,17.1,11.2,180,5
382,17.1,11.2,180,5
383,17.1,11.2,180,5
384,17.1,11.2,180,5
385,17.1,11.2,180,5
386,17.1,11.2,180,5
387,17.1,11.2,180,5
388,17.1,11.2,180,5
389,17.1,11.2,180,5
390,17.1,11.2,180,5
391,17.1,11.2,180,5
392,17.1,11.2,180,5
393,17.1,11.2,180,5
394,17.1,11.2,180,5
395,17.1,11.2,180,5
396,17.1,11.1,180,2
397,17.1,11.1,180,2
398,17.1,11.1,180,2
399,17.1,11.1,180,2
400,17.1,11.1,180,2
401,17.1,11.1,180,2
402,17.1,11.1,180,2
403,17.1,11.1,180,2
404,17.1,11.1,180,2
405,17.1,11.1,180,2
406,17.1,11.1,180,2
407,17.1,11.1,180,2
408,17.1,11.1,180,2
409,17.1,11.1,180,2
410,17.1,11.1,180,2
411,17.1,11.1,180,2
412,17.1,11.1,180,2
413,17.1,11.1,180,2
414,17.1,11.1,180,2
415,17.1,11.1,180,2
416,17.1,11.1,180,2
417,17.1,11.1,180,2
418,17.1,11.1,180,2
419,17.1,11.1,180,2
420,17.1,11.1,180,2
421,17.1,11.1,180,2
422,17.1,11.1,180,2
423,17.1,11.1,180,2
424,17.1,11.1,180,2
425,17.1,11.1,180,2
426,17.1,11.1,180,2
427,17.1,11.1,180,2
428,17.1,11.1,180,2
429,17.1,11.1,180,2
430,17.1,11.1,180,2
431,17.1,11.1,180,2
432,17.1,11.1,180,2
433,17.1,11.1,180,2
434,17.1,11.1,180,2
435,17.1,11.1,180,2
436,17.1,11.1,180,2
437,17.1,11.1,180,2
438,17.1,11.1,180,2
439,17.1,11.1,180,2
440,17.1,11.1,180,2
441,17.1,11.1,180,2
442,17.1,11.1,180,2
443,17.1,11.1,180,2
444,17.1,11.1,180,2
445,17.1,11.1,180,2
446,17.1,11.1,180,2
447,17.1,11.1,180,2
448,17.1,11.1,180,2
449,17.1,11.1,180,2
450,17.1,11.1,180,2
451,17.1,11.1,180,2
452,17.1,11.1,180,2
453,17.1,11.1,180,2
454,17.1,11.1,180,2
455,17.1,11.1,180,2
456,17.1,11.1,180,2
457,17.1,11.1,180,2
458,17.1,11.1,180,2
459,17.1,11.1,180,2
460,17.1,11.1,180,2
461,17.1,11.1,180,2
462,17.1,11.1,180,2
463,17.1,11.1,180,2
464,17.1,11.1,180,2
465,17.1,11.1,180,2
466,17.1,11.1,180,2
467,17.1,11.1,180,2
468,17.1,11.1,180,2
469,17.1,11.1,180,2
470,17.1,11.1,180,2
471,17.1,11.1,180,2
472,17.1,11.1,180,2
473,17.1,11.1,180,2
474,17.1,11.1,180,2
475,17.1,11.1,180,2
476,17.1,11.1,180,2
477,17.1,11.1,180,2
478,17.1,11.1,180,2
479,17.1,11.1,180,2
480,17.1,11.1,180,2
481,17.1,11.1,180,2
482,17.1,11.1,180,2
483,17.1,11.1,180,2
484,17.1,11.1,180,2
485,17.1,11.1,180,2
486,17.1,11.1,180,2
487,17.1,11.1,180,2
488,17.1,11.1,180,2
489,17.1,11.1,180,2
490,17.1,11.1,180,2
491,17.1,11.1,180,2
492,17.1,11.1,180,2
493,17.1,11.1,180,2
494,17.1,11.1,180,2
495,17.1,11.1,180,2
496,17.1,11.1,180,2
497,17.1,11.1,180,2
498,17.1,11.1,180,2
499,17.1,11.1,180,2
500,17.1,11.1,180,2
501,17.1,11.1,180,2
502,17.1,11.1,180,2
503,17.1,11.1,180,2
504,17.1,11.1,180,2
505,17.1,11.1,180,2
506,17.1,11.1,180,2
507,17.1,11.1,180,2
508,17.1,11.1,180,2
509,17.1,11.1,180,2
510,17.1,11.1,180,2
511,17.1,11.1,180,2
512,17.1,11.1,180,2
513,17.1,11.1,180,2
514,17.1,11.1,180,2
515,17.1,11.1,180,2
516,17.1,11.1,180,2
517,17.1,11.1,180,2
518,17.1,11.1,180,2
519,17.1,11.1,180,2
520,17.1,11.1,180,2
521,17.1,11.1,180,2
522,17.1,11.1,180,2
523,17.1,11.1,180,2
524,17.1,11.1,180,2
525,17.1,11.1,180,2
526,17.1,11.1,180,2
527,17.1,11.1,180,2
528,17.1,11.1,180,2
529,17.1,11.1,180,2
530,17.1,11.1,180,2
531,17.1,11.1,180,2
532,17.1,11.1,180,2
533,17.1,11.1,180,2
534,17.1,11.1,180,2
535,17.1,11.1,180,2
536,17.1,11.1,180,2
537,17.1,11.1,180,2
538,17.1,11.1,180,2
539,17.1,11.1,180,2
540,17.1,11.1,180,2
541,17.1,11.1,180,2
542,17.1,11.1,180,2
543,17.1,11.1,180,2
544,17.1,11.1,180,2
545,17.1,11.1,180,2
546,17.1,11.1,180,2
547,17.1,11.1,180,2
548,17.1,11.1,180,2
549,17.1,11.1,180,2
550,17.1,11.1,180,2
551,17.1,11.1,180,2
552,17.1,11.1,180,2
553,17.1,11.1,180,2
554,17.1,11.1,180,2
555,17.1,11.1,180,2
556,17.1,11.1,180,2
557,17.1,11.1,180,2
558,17.1,11.1,180,2
559,17.1,11.1,180,2
560,17.1,11.1,180,2
561,17.1,11.1,180,2
562,17.1,11.1,180,2
563,17.1,11.1,180,2
564,17.1,11.1,180,2
565,17.1,11.1,180,2
566,17.1,11.1,180,2
567,17.1,11.1,180,2
568,17.1,11.1,180,2
569,17.1,11.1,180,2
570,17.1,11.1,180,2
571,17.1,11.1,180,2
572,17.1,11.1,180,2
573,17.1,11.1,180,2
574,17.1,11.1,180,2
575,17.1,11.1,180,2
576,17.1,11.1,180,2
577,17.1,11.1,180,2
578,17.1,11.1,180,2
579,17.1,11.1,180,2
580,17.1,11.1,180,2
581,17.1,11.1,180,2
582,17.1,11.1,180,2
583,17.1,11.1,180,2
584,17.1,11.1,180,2
585,17.1,11.1,180,2
586,17.1,11.1,180,2
587,17.1,11.1,180,2
588,17.1,11.1,180,2
589,17.1,11.1,180,2
590,17.1,11.1,180,2
591,17.1,11.1,180,4
592,17.1,11.1,180,4
593,17.1,11.1,180,4
594,17.1,11.1,180,4
595,17.1,11.1,180,4
596,17.1,11.1,180,4
597,17.1,11.1,180,4
598,17.1,11.1,180,4
599,17.1,11.1,180,4
600,17.1,11.1,180,4
601,17.1,11.1,180,4
602,17.1,11.1,180,4
603,17.1,11.1,180,4
604,17.1,11.1,180,4
605,17.1,11.1,180,4
606,17.1,11.1,180,4
607,17.1,11.1,180,4
608,17.1,11.1,180,4
609,17.1,11.1,180,4
610,17.1,11.1,180,4
611,17.1,11.1,180,4
612,17.1,11.1,180,4
613,17.1,11.1,180,4
614,17.1,11.1,180,4
615,17.1,11.1,180,4
616,17.1,11.1,180,4
617,17.1,11.1,180,4
618,17.1,11.1,180,4
619,17.1,11.1,180,4
620,17.1,11.1,180,4
621,17.1,11.1,180,4
622,17.1,11.1,180,4
623,17.1,11.1,180,4
624,17.1,11.1,180,4
625,17.1,11.1,180,4
626,17.1,11.1,180,4
627,17.1,11.1,180,4
628,17.1,11.1,180,4
629,17.1,11.1,180,4
630,17.1,11.1,180,4
631,17.1,11.1,180,4
632,17.1,11.1,180,4
633,17.1,11.1,180,4
634,17.1,11.1,180,4
635,17.1,11.1,180,4
636,17.1,11.1,180,4
637,17.1,11.1,180,4
638,17.1,11.1,180,4
639,17.1,11.1,180,4
640,17.1,11.1,180,4
641,17.1,11.1,180,4
642,17.1,11.1,180,4
643,17.1,11.1,180,4
644,17.1,11.1,180,4
645,17.1,11.1,180,4
646,17.1,11.1,180,4
647,17.1,11.1,180,4
648,17.1,11.1,180,4
649,17.1,11.1,180,4
650,17.1,11.1,180,4
651,17.1,11.1,180,4
652,17.1,11.1,180,4
653,17.1,11.1,180,4
654,17.1,11.1,180,4
655,17.1,11.1,180,4
656,17.1,11.1,180,4
657,17.1,11.1,180,4
658,17.1,11.1,180,4
659,17.1,11.1,180,4
660,17.1,11.1,180,2
661,17.1,11.1,180,2
662,17.1,11.1,180,2
663,17.1,11.1,180,2
664,17.1,11.1,180,2
665,17.1,11.1,180,2
666,17.1,11.1,180,2
667,17.1,11.1,180,2
668,17.1,11.1,180,2
669,17.1,11.1,180,2
670,17.1,11.1,180,2
671,17.1,11.1,180,2
672,17.1,11.1,180,2
673,17.1,11.1,180,2
674,17.1,11.1,180,2
675,17.1,11.1,180,2
676,17.1,11.1,180,2
677,17.1,11.1,180,2
678,17.1,11.1,180,2
679,17.1,11.1,180,2
680,17.1,11.1,180,2
681,17.1,11.1,180,2
682,17.1,11.1,180,2
683,17.1,11.1,180,2
684,17.1,11.1,180,2
685,17.1,11.1,180,2
686,17.1,11.1,180,2
687,17.1,11.1,180,2
688,17.1,11.1,180,2
689,17.1,11.1,180,2
690,17.1,11.1,180,2
691,17.1,11.1,180,2
692,17.1,11.1,180,2
693,17.1,11.1,180,2
694,17.1,11.1,180,2
695,17.1,11.1,180,2
696,17.1,11.1,180,2
697,17.1,11.1,180,2
698,17.1,11.1,180,2
699,17.1,11.1,180,2
700,17.1,11.1,180,2
701,17.1,11.1,180,2
702,17.1,11.1,180,2
703,17.1,11.1,180,2
704,17.1,11.1,180,2
705,17.1,11.1,180,2
706,17.1,11.1,180,2
707,17.1,11.1,180,2
708,17.1,11.1,180,2
709,17.1,11.1,180,2
710,17.1,11.1,180,2
711,17.1,11.1,180,2
712,17.1,11.1,180,2
713,17.1,11.1,180,2
714,17.1,11.1,180,2
715,17.1,11.1,180,2
716,17.1,11.1,180,2
717,17.1,11.1,180,2
718,17.1,11.1,180,2
719,17.1,11.1,180,2
720,17.1,11.1,180,2
721,17.1,11.1,180,2
722,17.1,11.1,180,2
723,17.1,11.1,180,2
724,17.1,11.1,180,2
725,17.1,11.1,180,2
726,17.1,11.1,180,2
727,17.1,11.1,180,2
728,17.1,11.1,180,2
729,17.1,11.1,180,2
730,17.1,11.1,180,2
731,17.1,11.1,180,2
732,17.1,11.1,180,2
733,17.1,11.1,180,2
734,17.1,11.1,180,2
735,17.1,11.1,180,2
736,17.1,11.1,180,2
737,17.1,11.1,180,2
738,17.1,11.1,180,2
739,17.1,11.1,180,2
740,17.1,11.1,180,2
741,17.1,11.1,180,2
742,17.1,11.1,180,2
743,17.1,11.1,180,2
744,17.1,11.1,180,2
745,17.1,11.1,180,2
746,17.1,11.1,180,2
747,17.1,11.1,180,2
748,17.1,11.1,180,2
749,17.1,11.1,180,2
750,17.1,11.1,180,2
751,17.1,11.1,180,2
752,17.1,11.1,180,2
753,17.1,11.1,180,2
754,17.1,11.1,180,2
755,17.1,11.1,180,2
756,17.1,11.1,180,2
757,17.1,11.1,180,2
758,17.1,11.1,180,2
759,17.1,11.1,180,2
760,17.1,11.1,180,2
761,17.1,11.1,180,2
762,17.1,11.1,180,2
763,17.1,11.1,180,2
764,17.1,11.1,180,2
765,17.1,11.1,180,2
766,17.1,11.1,180,2
767,17.1,11.1,180,2
768,17.1,11.1,180,2
769,17.1,11.1,180,2
770,17.1,11.1,180,2
771,17.1,11.1,180,2
772,17.1,11.1,180,2
773,17.1,11.1,180,2
774,17.1,11.1,180,2
775,17.1,11.1,180,2
776,17.1,11.1,180,2
777,17.1,11.1,180,2
778,17.1,11.1,180,2
779,17.1,11.1,180,2
780,17.1,11.1,180,2
781,17.1,11.1,180,2
782,17.1,11.1,180,2
783,17.1,11.1,180,2
784,17.1,11.1,180,2
785,17.1,11.1,180,2
786,17.1,11.1,180,2
787,17.1,11.1,180,2
788,17.1,11.1,180,2
789,17.1,11.1,180,2
790,17.1,11.1,180,2
791,17.1,11.1,180,2
792,17.1,11.1,180,2
793,17.1,11.1,180,2
794,17.1,11.1,180,2
795,17.1,11.1,180,2
796,17.1,11.1,180,2
797,17.1,11.1,180,2
798,17.1,11.1,180,2
799,17.1,11.1,180,2
800,17.1,11.1,180,2
801,17.1,11.1,180,2
802,17.1,11.1,180,2
803,17.1,11.1,180,2
804,17.1,11.1,180,2
805,17.1,11.1,180,2
806,17.1,11.1,180,2
807,17.1,11.1,180,2
808,17.1,11.1,180,2
809,17.1,11.1,180,2
810,17.1,11.1,180,2
811,17.1,11.1,180,2
812,17.1,11.1,180,2
813,17.1,11.1,180,2
814,17.1,11.1,180,2
815,17.1,11.1,180,2
816,17.1,11.1,180,2
817,17.1,11.1,180,2
818,17.1,11.1,180,2
819,17.1,11.1,180,2
820,17.1,11.1,180,2
821,17.1,11.1,180,2
822,17.1,11.1,180,2
823,17.1,11.1,180,2
824,17.1,11.1,180,2
825,17.1,11.1,180,2
826,17.1,11.1,180,2
827,17.1,11.1,180,2
828,17.1,11.1,180,2
829,17.1,11.1,180,2
830,17.1,11.1,180,2
831,17.1,11.1,180,2
832,17.1,11.1,180,2
833,17.1,11.1,180,2
834,17.1,11.1,180,2
835,17.1,11.1,180,2
836,17.1,11.1,180,2
837,17.1,11.1,180,2
838,17.1,11.1,180,2
839,17.1,11.1,180,2
840,17.1,11.1,180,2
841,17.1,11.1,180,2
842,17.1,11.1,180,2
843,17.1,11.1,180,2
844,17.1,11.1,180,2
845,17.1,11.1,180,2
846,17.1,11.1,180,2
847,17.1,11.1,180,2
848,17.1,11.1,180,2
849,17.1,11.1,180,2
850,17.1,11.1,180,2
851,17.1,11.1,180,2
852,17.1,11.1,180,2
853,17.1,11.1,180,2
854,17.1,11.1,180,2
855,17.1,11.1,180,2
856,17.1,11.1,180,2
857,17.1,11.1,180,2
858,17.1,11.1,180,2
859,17.1,11.1,180,2
860,17.1,11.1,180,2
861,17.1,11.1,180,2
862,17.1,11.1,180,2
863,17.1,11.1,180,2
864,17.1,11.1,180,2
865,17.1,11.1,180,2
866,17.1,11.1,180,2
867,17.1,11.1,180,2
868,17.1,11.1,180,2
869,17.1,11.1,180,2
870,17.1,11.1,180,2
871,17.1,11.1,180,2
872,17.1,11.1,180,2
873,17.1,11.1,180,2
874,17.1,11.1,180,2
875,17.1,11.1,180,2
876,17.1,11.1,180,2
877,17.1,11.1,180,2
878,17.1,11.1,180,2
879,17.1,11.1,180,2
880,17.1,11.1,180,2
881,17.1,11.1,180,2
882,17.1,11.1,180,2
883,17.1,11.1,180,2
884,17.1,11.1,180,2
885,17.1,11.1,180,2
886,17.1,11.1,180,2
887,17.1,11.1,180,2
888,17.1,11.1,180,2
889,17.1,11.1,180,2
890,17.1,11.1,180,2
891,17.1,11.1,180,2
892,17.1,11.1,180,2
893,17.1,11.1,180,2
894,17.1,11.1,180,2
895,17.1,11.1,180,2
896,17.1,11.1,180,2
897,17.1,11.1,180,2
898,17.1,11.1,180,2
899,17.1,11.1,180,2
900,17.1,11.1,180,2
901,17.1,11.1,180,2
902,17.1,11.1,180,2
903,17.1,11.1,180,2
904,17.1,11.1,180,2
905,17.1,11.1,180,2
906,17.1,11.1,180,2
907,17.1,11.1,180,2
908,17.1,11.1,180,2
909,17.1,11.1,180,2
910,17.1,11.1,180,2
911,17.1,11.1,180,2
912,17.1,11.1,180,2
913,17.1,11.1,180,2
914,17.1,11.1,180,2
915,17.1,11.1,180,2
916,17.1,11.1,180,2
917,17.1,11.1,180,2
918,17.1,11.1,180,2
919,17.1,11.1,180,2
920,17.1,11.1,180,2
921,17.1,11.1,180,2
922,17.1,11.1,180,2
923,17.1,11.1,180,2
924,17.1,11.1,180,2
925,17.1,11.1,180,2
926,17.1,11.1,180,2
927,17.1,11.1,180,2
928,17.1,11.1,180,2
929,17.1,11.1,180,2
930,17.1,11.1,180,2
931,17.1,11.1,180,2
932,17.1,11.1,180,2
933,17.1,11.1,180,2
934,17.1,11.1,180,2
935,17.1,11.1,180,2
936,17.1,11.1,180,2
937,17.1,11.1,180,2
938,17.1,11.1,180,2
939,17.1,11.1,180,2
940,17.1,11.1,180,2
941,17.1,11.1,180,2
942,17.1,11.1,180,2
943,17.1,11.1,180,2
944,17.1,11.1,180,2
945,17.1,11.1,180,2
946,17.1,11.1,180,2
947,17.1,11.1,180,2
948,17.1,11.1,180,2
949,17.1,11.1,180,2
950,17.1,11.1,180,2
951,17.1,11.1,180,2
952,17.1,11.1,180,2
953,17.1,11.1,180,2
954,17.1,11.1,180,2
955,17.1,11.1,180,2
956,17.1,11.1,180,2
957,17.1,11.1,180,2
958,17.1,11.1,180,2
959,17.1,11.1,180,2
960,17.1,11.1,180,2
961,17.1,11.1,180,2
962,17.1,11.1,180,2
963,17.1,11.1,180,2
964,17.1,11.1,180,2
965,17.1,11.1,180,2
966,17.1,11.1,180,2
967,17.1,11.1,180,2
968,17.1,11.1,180,2
969,17.1,11.1,180,2
970,17.1,11.1,180,2
971,17.1,11.1,180,2
972,17.1,11.1,180,2
973,17.1,11.1,180,2
974,17.1,11.1,180,2
975,17.1,11.1,180,2
976,17.1,11.1,180,2
977,17.1,11.1,180,2
978,17.1,11.1,180,2
979,17.1,11.1,180,2
980,17.1,11.1,180,2
981,17.1,11.1,180,2
982,17.1,11.1,180,2
983,17.1,11.1,180,2
984,17.1,11.1,180,2
985,17.1,11.1,180,2
986,17.1,11.1,180,2
987,17.1,11.1,180,2
988,17.1,11.1,180,2
989,17.1,11.1,180,2
990,17.1,11.1,180,2
991,17.1,11.1,180,2
992,17.1,11.1,180,2
993,17.1,11.1,180,2
994,17.1,11.1,180,2
995,17.1,11.1,180,2
996,17.1,11.1,180,2
997,17.1,11.1,180,2
998,17.1,11.1,180,2
999,17.1,11.1,180,2
1000,17.1,11.1,180,2
1001,17.1,11.1,180,2
1002,17.1,11.1,180,2
1003,17.1,11.1,180,2
1004,17.1,11.1,180,2
1005,17.1,11.1,180,2
1006,17.1,11.1,180,2
1007,17.1,11.1,180,2
1008,17.1,11.1,180,2
1009,17.1,11.1,180,2
1010,17.1,11.1,180,2
1011,17.1,11.1,180,2
1012,17.1,11.1,180,2
1013,17.1,11.1,180,2
1014,17.1,11.1,180,2
1015,17.1,11.1,180,2
1016,17.1,11.1,180,2
1017,17.1,11.1,180,2
1018,17.1,11.1,180,2
1019,17.1,11.1,180,2
1020,17.1,11.1,180,2
1021,17.1,11.1,180,2
1022,17.1,11.1,180,2
1023,17.1,11.1,180,2
1024,17.1,11.1,180,2
1025,17.1,11.1,180,2
1026,17.1,11.1,180,2
1027,17.1,11.1,180,2
1028,17.1,11.1,180,2
1029,17.1,11.1,180,2
1030,17.1,11.1,180,2
1031,17.1,11.1,180,2
1032,17.1,11.1,180,2
1033,17.1,11.1,180,2
1034,17.1,11.1,180,2
1035,17.1,11.1,180,2
1036,17.1,11.1,180,2
1037,17.1,11.1,180,2
1038,17.1,11.1,180,2
1039,17.1,11.1,180,2
1040,17.1,11.1,180,2
1041,17.1,11.1,180,2
1042,17.1,11.1,180,2
1043,17.1,11.1,180,2
1044,17.1,11.1,180,2
1045,17.1,11.1,180,2
1046,17.1,11.1,180,2
1047,17.1,11.1,180,2
1048,17.1,11.1,180,2
1049,17.1,11.1,180,2
1050,17.1,11.1,180,2
1051,17.1,11.1,180,2
1052,17.1,11.1,180,2
1053,17.1,11.1,180,2
1054,17.1,11.1,180,2
1055,17.1,11.1,180,2
1056,17.1,11.1,180,2
1057,17.1,11.1,180,2
1058,17.1,11.1,180,2
1059,17.1,11.1,180,2
1060,17.1,11.1,180,2
1061,17.1,11.1,180,2
1062,17.1,11.1,180,2
1063,17.1,11.1,180,2
1064,17.1,11.1,180,2
1065,17.1,11.1,180,2
1066,17.1,11.1,180,2
1067,17.1,11.1,180,2
1068,17.1,11.1,180,2
1069,17.1,11.1,180,2
1070,17.1,11.1,180,2
1071,17.1,11.1,180,2
1072,17.1,11.1,180,2
1073,17.1,11.1,180,2
1074,17.1,11.1,180,2
1075,17.1,11.1,180,2
1076,17.1,11.1,180,2
1077,17.1,11.1,180,2
1078,17.1,11.1,180,2
1079,17.1,11.1,180,2
1080,17.1,11.1,180,2
1081,17.1,11.1,180,2
1082,17.1,11.1,180,2
1083,17.1,11.1,180,2
1084,17.1,11.1,180,2
1085,17.1,11.1,180,2
1086,17.1,11.1,180,2
1087,17.1,11.1,180,2
1088,17.1,11.1,180,2
1089,17.1,11.1,180,2
1090,17.1,11.1,180,2
1091,17.1,11.1,180,2
1092,17.1,11.1,180,2
1093,17.1,11.1,180,2
1094,17.1,11.1,180,2
1095,17.1,11.1,180,2
1096,17.1,11.1,180,2
1097,17.1,11.1,180,2
1098,17.1,11.1,180,2
1099,17.1,11.1,180,2
1100,17.1,11.1,180,2
1101,17.1,11.1,180,2
1102,17.1,11.1,180,2
1103,17.1,11.1,180,2
1104,17.1,11.1,180,2
1105,17.1,11.1,180,2
1106,17.1,11.1,180,2
1107,17.1,11.1,180,2
1108,17.1,11.1,180,2
1109,17.1,11.1,180,2
1110,17.1,11.1,180,2
1111,17.1,11.1,180,2
1112,17.1,11.1,180,2
1113,17.1,11.1,180,2
1114,17.1,11.1,180,2
1115,17.1,11.1,180,2
1116,17.1,11.1,180,2
1117,17.1,11.1,180,2
1118,17.1,11.1,180,2
1119,17.1,11.1,180,2
1120,17.1,11.1,180,2
1121,17.1,11.1,180,2
1122,17.1,11.1,180,2
1123,17.1,11.1,180,2
1124,17.1,11.1,180,2
1125,17.1,11.1,180,2
1126,17.1,11.1,180,2
1127,17.1,11.1,180,2
1128,17.1,11.1,180,2
1129,17.1,11.1,180,2
1130,17.1,11.1,180,2
1131,17.1,11.1,180,2
1132,17.1,11.1,180,2
1133,17.1,11.1,180,2
1134,17.1,11.1,180,2
1135,17.1,11.1,180,2
1136,17.1,11.1,180,2
1137,17.1,11.1,180,2
1138,17.1,11.1,180,2
1139,17.1,11.1,180,2
1140,17.1,11.1,180,2
1141,17.1,11.1,180,2
1142,17.1,11.1,180,2
1143,17.1,11.1,180,2
1144,17.1,11.1,180,2
1145,17.1,11.1,180,2
1146,17.1,11.1,180,2
1147,17.1,11.1,180,2
1148,17.1,11.1,180,2
1149,17.1,11.1,180,2
1150,17.1,11.1,180,2
1151,17.1,11.1,180,2
1152,17.1,11.1,180,2
1153,17.1,11.1,180,2
1154,17.1,11.1,180,2
1155,17.1,11.1,180,2
1156,17.1,11.1,180,2
1157,17.1,11.1,180,2
1158,17.1,11.1,180,2
1159,17.1,11.1,180,2
1160,17.1,11.1,180,2
1161,17.1,11.1,180,2
1162,17.1,11.1,180,2
1163,17.1,11.1,180,2
1164,17.1,11.1,180,2
1165,17.1,11.1,180,2
1166,17.1,11.1,180,2
1167,17.1,11.1,180,2
1168,17.1,11.1,180,2
1169,17.1,11.1,180,2
1170,17.1,11.1,180,2
1171,17.1,11.1,180,2
1172,17.1,11.1,180,2
1173,17.1,11.1,180,2
1174,17.1,11.1,180,2
1175,17.1,11.1,180,2
1176,17.1,11.1,180,2
1177,17.1,11.1,180,2
1178,17.1,11.1,180,2
1179,17.1,11.1,180,2
1180,17.1,11.1,180,2
1181,17.1,11.1,180,2
1182,17.1,11.1,180,2
1183,17.1,11.1,180,2
1184,17.1,11.1,180,2
1185,17.1,11.1,180,2
1186,17.1,11.1,180,2
1187,17.1,11.1,180,2
1188,17.1,11.1,180,2
1189,17.1,11.1,180,2
1190,17.1,11.1,180,2
1191,17.1,11.1,180,2
1192,17.1,11.1,180,2
1193,17.1,11.1,180,2
1194,17.1,11.1,180,2
1195,17.1,11.1,180,2
1196,17.1,11.1,180,2
1197,17.1,11.1,180,2
1198,17.1,11.1,180,2
1199,17.1,11.1,180,2
1200,17.1,11.1,180,2
1201,17.1,11.1,180,2
1202,17.1,11.1,180,2
1203,17.1,11.1,180,2
1204,17.1,11.1,180,2
1205,17.1,11.1,180,2
1206,17.1,11.1,180,2
1207,17.1,11.1,180,2
1208,17.1,11.1,180,2
1209,17.1,11.1,180,2
1210,17.1,11.1,180,2
1211,17.1,11.1,180,2
1212,17.1,11.1,180,2
1213,17.1,11.1,180,2
1214,17.1,11.1,180,2
1215,17.1,11.1,180,2
1216,17.1,11.1,180,2
1217,17.1,11.1,180,2
1218,17.1,11.1,180,2
1219,17.1,11.1,180,2
1220,17.1,11.1,180,2
1221,17.1,11.1,180,2
1222,17.1,11.1,180,2
1223,17.1,11.1,180,2
1224,17.1,11.1,180,2
1225,17.1,11.1,180,2
1226,17.1,11.1,180,2
1227,17.1,11.1,180,2
1228,17.1,11.1,180,2
1229,17.1,11.1,180,2
1230,17.1,11.1,180,2
1231,17.1,11.1,180,2
1232,17.1,11.1,180,2
1233,17.1,11.1,180,2
1234,17.1,11.1,180,2
1235,17.1,11.1,180,2
1236,17.1,11.1,180,2
1237,17.1,11.1,180,2
1238,17.1,11.1,180,2
1239,17.1,11.1,180,2
1240,17.1,11.1,180,2
1241,17.1,11.1,180,2
1242,17.1,11.1,180,2
1243,17.1,11.1,180,2
1244,17.1,11.1,180,2
1245,17.1,11.1,180,2
1246,17.1,11.1,180,2
1247,17.1,11.1,180,2
1248,17.1,11.1,180,2
1249,17.1,11.1,180,2
1250,17.1,11.1,180,2
1251,17.1,11.1,180,2
1252,17.1,11.1,180,2
1253,17.1,11.1,180,2
1254,17.1,11.1,180,2
1255,17.1,11.1,180,2
1256,17.1,11.1,180,2
1257,17.1,11.1,180,2
1258,17.1,11.1,180,2
1259,17.1,11.1,180,2
1260,17.1,11.1,180,2
1261,17.1,11.1,180,2
1262,17.1,11.1,180,2
1263,17.1,11.1,180,2
1264,17.1,11.1,180,2
1265,17.1,11.1,180,2
1266,17.1,11.1,180,2
1267,17.1,11.1,180,2
1268,17.1,11.1,180,2
1269,17.1,11.1,180,2
1270,17.1,11.1,180,2
1271,17.1,11.1,180,2
1272,17.1,11.1,180,2
1273,17.1,11.1,180,2
1274,17.1,11.1,180,2
1275,17.1,11.1,180,2
1276,17.1,11.1,180,2
1277,17.1,11.1,180,2
1278,17.1,11.1,180,2
1279,17.1,11.1,180,2
1280,17.1,11.1,180,2
1281,17.1,11.1,180,2
1282,17.1,11.1,180,2
1283,17.1,11.1,180,2
1284,17.1,11.1,180,2
1285,17.1,11.1,180,2
1286,17.1,11.1,180,2
1287,17.1,11.1,180,2
1288,17.1,11.1,180,2
1289,17.1,11.1,180,2
1290,17.1,11.1,180,2
1291,17.1,11.1,180,2
1292,17.1,11.1,180,2
1293,17.1,11.1,180,2
1294,17.1,11.1,180,2
1295,17.1,11.1,180,2
1296,17.1,11.1,180,2
1297,17.1,11.1,180,2
1298,17.1,11.1,180,2
1299,17.1,11.1,180,2
1300,17.1,11.1,180,2
1301,17.1,11.1,180,2
1302,17.1,11.1,180,2
1303,17.1,11.1,180,2
1304,17.1,11.1,180,2
1305,17.1,11.1,180,2
1306,17.1,11.1,180,2
1307,17.1,11.1,180,2
1308,17.1,11.1,180,2
1309,17.1,11.1,180,2
1310,17.1,11.1,180,2
1311,17.1,11.1,180,2
1312,17.1,11.1,180,2
1313,17.1,11.1,180,2
1314,17.1,11.1,180,2
1315,17.1,11.1,180,2
1316,17.1,11.1,180,2
1317,17.1,11.1,180,2
1318,17.1,11.1,180,2
1319,17.1,11.1,180,2
1320,17.1,11.1,180,2
1321,17.1,11.1,180,2
1322,17.1,11.1,180,2
1323,17.1,11.1,180,2
1324,17.1,11.1,180,2
1325,17.1,11.1,180,2
1326,17.1,11.1,180,2
1327,17.1,11.1,180,2
1328,17.1,11.1,180,2
1329,17.1,11.1,180,2
1330,17.1,11.1,180,2
1331,17.1,11.1,180,2
1332,17.1,11.1,180,2
1333,17.1,11.1,180,2
1334,17.1,11.1,180,2
1335,17.1,11.1,180,2
1336,17.1,11.1,180,2
1337,17.1,11.1,180,2
1338,17.1,11.1,180,2
1339,17.1,11.1,180,2
1340,17.1,11.1,180,2
1341,17.1,11.1,180,2
1342,17.1,11.1,180,2
1343,17.1,11.1,180,2
1344,17.1,11.1,180,2
1345,17.1,11.1,180,2
1346,17.1,11.1,180,2
1347,17.1,11.1,180,2
1348,17.1,11.1,180,2
1349,17.1,11.1,180,2
1350,17.1,11.1,180,2
1351,17.1,11.1,180,2
1352,17.1,11.1,180,2
1353,17.1,11.1,180,2
1354,17.1,11.1,180,2
1355,17.1,11.1,180,2
1356,17.1,11.1,180,2
1357,17.1,11.1,180,2
1358,17.1,11.1,180,2
1359,17.1,11.1,180,2
1360,17.1,11.1,180,2
1361,17.1,11.1,180,2
1362,17.1,11.1,180,2
1363,17.1,11.1,180,2
1364,17.1,11.1,180,2
1365,17.1,11.1,180,2
1366,17.1,11.1,180,2
1367,17.1,11.1,180,2
1368,17.1,11.1,180,2
1369,17.1,11.1,180,2
1370,17.1,11.1,180,2
1371,17.1,11.1,180,2
1372,17.1,11.1,180,2
1373,17.1,11.1,180,2
1374,17.1,11.1,180,2
1375,17.1,11.1,180,2
1376,17.1,11.1,180,2
1377,17.1,11.1,180,2
1378,17.1,11.1,180,2
1379,17.1,11.1,180,2
1380,17.1,11.1,180,2
1381,17.1,11.1,180,2
1382,17.1,11.1,180,2
1383,17.1,11.1,180,2
1384,17.1,11.1,180,2
1385,17.1,11.1,180,2
1386,17.1,11.1,180,2
1387,17.1,11.1,180,2
1388,17.1,11.1,180,2
1389,17.1,11.1,180,2
1390,17.1,11.1,180,2
1391,17.1,11.1,180,2
1392,17.1,11.1,180,2
1393,17.1,11.1,180,2
1394,17.1,11.1,180,2
1395,17.1,11.1,180,2
1396,17.1,11.1,180,2
1397,17.1,11.1,180,2
1398,17.1,11.1,180,2
1399,17.1,11.1,180,2
1400,17.1,11.1,180,2
1401,17.1,11.1,180,2
1402,17.1,11.1,180,2
1403,17.1,11.1,180,2
1404,17.1,11.1,180,2
1405,17.1,11.1,180,2
1406,17.1,11.1,180,2
1407,17.1,11.1,180,2
1408,17.1,11.1,180,2
1409,17.1,11.1,180,2
1410,17.1,11.1,180,2
1411,17.1,11.1,180,2
1412,17.1,11.1,180,2
1413,17.1,11.1,180,2
1414,17.1,11.1,180,2
1415,17.1,11.1,180,2
1416,17.1,11.1,180,2
1417,17.1,11.1,180,2
1418,17.1,11.1,180,2
1419,17.1,11.1,180,2
1420,17.1,11.1,180,2
1421,17.1,11.1,180,2
1422,17.1,11.1,180,2
1423,17.1,11.1,180,2
1424,17.1,11.1,180,2
1425,17.1,11.1,180,2
1426,17.1,11.1,180,2
1427,17.1,11.1,180,2
1428,17.1,11.1,180,2
1429,17.1,11.1,180,2
1430,17.1,11.1,180,2
1431,17.1,11.1,180,2
1432,17.1,11.1,180,2
1433,17.1,11.1,180,2
1434,17.1,11.1,180,2
1435,17.1,11.1,180,2
1436,17.1,11.1,180,2
1437,17.1,11.1,180,2
1438,17.1,11.1,180,2
1439,17.1,11.1,180,2
1440,17.1,11.1,180,2
1441,17.1,11.1,180,2
1442,17.1,11.1,180,2
1443,17.1,11.1,180,2
1444,17.1,11.1,180,2
1445,17.1,11.1,180,2
1446,17.1,11.1,180,2
1447,17.1,11.1,180,2
1448,17.1,11.1,180,2
1449,17.1,11.1,180,2
1450,17.1,11.1,180,2
1451,17.1,11.1,180,2
1452,17.1,11.1,180,2
1453,17.1,11.1,180,2
1454,17.1,11.1,180,2
1455,17.1,11.1,180,2
1456,17.1,11.1,180,2
1457,17.1,11.1,180,2
1458,17.1,11.1,180,2
1459,17.1,11.1,180,2
1460,17.1,11.1,180,2
1461,17.1,11.1,180,2
1462,17.1,11.1,180,2
1463,17.1,11.1,180,2
1464,17.1,11.1,180,2
1465,17.1,11.1,180,2
1466,17.1,11.1,180,2
1467,17.1,11.1,180,2
1468,17.1,11.1,180,2
1469,17.1,11.1,180,2
1470,17.1,11.1,180,2
1471,17.1,11.1,180,2
1472,17.1,11.1,180,2
1473,17.1,11.1,180,2
1474,17.1,11.1,180,2
1475,17.1,11.1,180,2
1476,17.1,11.1,180,2
1477,17.1,11.1,180,2
1478,17.1,11.1,180,2
1479,17.1,11.1,180,2
1480,17.1,11.1,180,2
1481,17.1,11.1,180,2
1482,17.1,11.1,180,2
1483,17.1,11.1,180,2
1484,17.1,11.1,180,2
1485,17.1,11.1,180,2
1486,17.1,11.1,180,2
1487,17.1,11.1,180,2
1488,17.1,11.1,180,2
1489,17.1,11.1,180,2
1490,17.1,11.1,180,2
1491,17.1,11.1,180,2
1492,17.1,11.1,180,2
1493,17.1,11.1,180,2
1494,17.1,11.1,180,2
1495,17.1,11.1,180,2
1496,17.1,11.1,180,2
1497,17.1,11.1,180,2
1498,17.1,11.1,180,2
1499,17.1,11.1,180,2
1500,17.1,11.1,180,2
1501,17.1,11.1,180,2
1502,17.1,11.1,180,2
1503,17.1,11.1,180,2
1504,17.1,11.1,180,2
1505,17.1,11.1,180,2
1506,17.1,11.1,180,2
1507,17.1,11.1,180,2
1508,17.1,11.1,180,2
1509,17.1,11.1,180,2
1510,17.1,11.1,180,2
1511,17.1,11.1,180,2
1512,17.1,11.1,180,2
1513,17.1,11.1,180,2
1514,17.1,11.1,180,2
1515,17.1,11.1,180,2
1516,17.1,11.1,180,2
1517,17.1,11.1,180,2
1518,17.1,11.1,180,2
1519,17.1,11.1,180,2
1520,17.1,11.1,180,2
1521,17.1,11.1,180,2
1522,17.1,11.1,180,2
1523,17.1,11.1,180,2
1524,17.1,11.1,180,2
1525,17.1,11.1,180,2
1526,17.1,11.1,180,2
1527,17.1,11.1,180,2
1528,17.1,11.1,180,2
1529,17.1,11.1,180,2
1530,17.1,11.1,180,2
1531,17.1,11.1,180,2
1532,17.1,11.1,180,2
1533,17.1,11.1,180,2
1534,17.1,11.1,180,2
1535,17.1,11.1,180,2
1536,17.1,11.1,180,2
1537,17.1,11.1,180,2
1538,17.1,11.1,180,2
1539,17.1,11.1,180,2
1540,17.1,11.1,180,2
1541,17.1,11.1,180,2
1542,17.1,11.1,180,2
1543,17.1,11.1,180,2
1544,17.1,11.1,180,2
1545,17.1,11.1,180,2
1546,17.1,11.1,180,2
1547,17.1,11.1,180,2
1548,17.1,11.1,180,2
1549,17.1,11.1,180,2
1550,17.1,11.1,180,2
1551,17.1,11.1,180,2
1552,17.1,11.1,180,2
1553,17.1,11.1,180,2
1554,17.1,11.1,180,2
1555,17.1,11.1,180,2
1556,17.1,11.1,180,2
1557,17.1,11.1,180,2
1558,17.1,11.1,180,2
1559,17.1,11.1,180,2
1560,17.1,11.1,180,2
1561,17.1,11.1,180,2
1562,17.1,11.1,180,2
1563,17.1,11.1,180,2
1564,17.1,11.1,180,2
1565,17.1,11.1,180,2
1566,17.1,11.1,180,2
1567,17.1,11.1,180,2
1568,17.1,11.1,180,2
1569,17.1,11.1,180,2
1570,17.1,11.1,180,2
1571,17.1,11.1,180,2
1572,17.1,11.1,180,2
1573,17.1,11.1,180,2
1574,17.1,11.1,180,2
1575,17.1,11.1,180,2
1576,17.1,11.1,180,2
1577,17.1,11.1,180,2
1578,17.1,11.1,180,2
1579,17.1,11.1,180,2
1580,17.1,11.1,180,2
1581,17.1,11.1,180,2
1582,17.1,11.1,180,2
1583,17.1,11.1,180,2
1584,17.1,11.1,180,2
1585,17.1,11.1,180,2
1586,17.1,11.1,180,2
1587,17.1,11.1,180,2
1588,17.1,11.1,180,2
1589,17.1,11.1,180,2
1590,17.1,11.1,180,2
1591,17.1,11.1,180,2
1592,17.1,11.1,180,2
1593,17.1,11.1,180,2
1594,17.1,11.1,180,2
1595,17.1,11.1,180,2
1596,17.1,11.1,180,2
1597,17.1,11.1,180,2
1598,17.1,11.1,180,2
1599,17.1,11.1,180,2
1600,17.1,11.1,180,2
1601,17.1,11.1,180,2
1602,17.1,11.1,180,2
1603,17.1,11.1,180,2
1604,17.1,11.1,180,2
1605,17.1,11.1,180,2
1606,17.1,11.1,180,2
1607,17.1,11.1,180,2
1608,17.1,11.1,180,2
1609,17.1,11.1,180,2
1610,17.1,11.1,180,2
1611,17.1,11.1,180,2
1612,17.1,11.1,180,2
1613,17.1,11.1,180,2
1614,17.1,11.1,180,2
1615,17.1,11.1,180,2
1616,17.1,11.1,180,2
1617,17.1,11.1,180,2
1618,17.1,11.1,180,2
1619,17.1,11.1,180,2
1620,17.1,11.1,180,2
1621,17.1,11.1,180,2
1622,17.1,11.1,180,2
1623,17.1,11.1,180,2
1624,17.1,11.1,180,2
1625,17.1,11.1,180,2
1626,17.1,11.1,180,2
1627,17.1,11.1,180,2
1628,17.1,11.1,180,2
1629,17.1,11.1,180,2
1630,17.1,11.1,180,2
1631,17.1,11.1,180,2
1632,17.1,11.1,180,2
1633,17.1,11.1,180,2
1634,17.1,11.1,180,2
1635,17.1,11.1,180,2
1636,17.1,11.1,180,2
1637,17.1,11.1,180,2
1638,17.1,11.1,180,2
1639,17.1,11.1,180,2
1640,17.1,11.1,180,2
1641,17.1,11.1,180,2
1642,17.1,11.1,180,2
1643,17.1,11.1,180,2
1644,17.1,11.1,180,2
1645,17.1,11.1,180,2
1646,17.1,11.1,180,2
1647,17.1,11.1,180,2
1648,17.1,11.1,180,2
1649,17.1,11.1,180,2
1650,17.1,11.1,180,2
1651,17.1,11.1,180,2
1652,17.1,11.1,180,2
1653,17.1,11.1,180,2
1654,17.1,11.1,180,2
1655,17.1,11.1,180,2
1656,17.1,11.1,180,2
1657,17.1,11.1,180,2
1658,17.1,11.1,180,2
1659,17.1,11.1,180,2
1660,17.1,11.1,180,2
1661,17.1,11.1,180,2
1662,17.1,11.1,180,2
1663,17.1,11.1,180,2
1664,17.1,11.1,180,2
1665,17.1,11.1,180,2
1666,17.1,11.1,180,2
1667,17.1,11.1,180,2
1668,17.1,11.1,180,2
1669,17.1,11.1,180,2
1670,17.1,11.1,180,2
1671,17.1,11.1,180,2
1672,17.1,11.1,180,2
1673,17.1,11.1,180,2
1674,17.1,11.1,180,2
1675,17.1,11.1,180,2
1676,17.1,11.1,180,2
1677,17.1,11.1,180,2
1678,17.1,11.1,180,2
1679,17.1,11.1,180,2
1680,17.1,11.1,180,2
1681,17.1,11.1,180,2
1682,17.1,11.1,180,2
1683,17.1,11.1,180,2
1684,17.1,11.1,180,2
1685,17.1,11.1,180,2
1686,17.1,11.1,180,2
1687,17.1,11.1,180,2
1688,17.1,11.1,180,2
1689,17.1,11.1,180,2
1690,17.1,11.1,180,2
1691,17.1,11.1,180,2
1692,17.1,11.1,180,2
1693,17.1,11.1,180,2
1694,17.1,11.1,180,2
1695,17.1,11.1,180,2
1696,17.1,11.1,180,2
1697,17.1,11.1,180,2
1698,17.1,11.1,180,2
1699,17.1,11.1,180,2
1700,17.1,11.1,180,2
1701,17.1,11.1,180,2
1702,17.1,11.1,180,2
1703,17.1,11.1,180,2
1704,17.1,11.1,180,2
1705,17.1,11.1,180,2
1706,17.1,11.1,180,2
1707,17.1,11.1,180,2
1708,17.1,11.1,180,2
1709,17.1,11.1,180,2
1710,17.1,11.1,180,2
1711,17.1,11.1,180,2
1712,17.1,11.1,180,2
1713,17.1,11.1,180,2
1714,17.1,11.1,180,2
1715,17.1,11.1,180,2
1716,17.1,11.1,180,2
1717,17.1,11.1,180,2
1718,17.1,11.1,180,2
1719,17.1,11.1,180,2
1720,17.1,11.1,180,2
1721,17.1,11.1,180,2
1722,17.1,11.1,180,2
1723,17.1,11.1,180,2
1724,17.1,11.1,180,2
1725,17.1,11.1,180,2
1726,17.1,11.1,180,2
1727,17.1,11.1,180,2
1728,17.1,11.1,180,2
1729,17.1,11.1,180,2
1730,17.1,11.1,180,2
1731,17.1,11.1,180,2
1732,17.1,11.1,180,2
1733,17.1,11.1,180,2
1734,17.1,11.1,180,2
1735,17.1,11.1,180,2
1736,17.1,11.1,180,2
1737,17.1,11.1,180,2
1738,17.1,11.1,180,2
1739,17.1,11.1,180,2
1740,17.1,11.1,180,2
1741,17.1,11.1,180,2
1742,17.1,11.1,180,2
1743,17.1,11.1,180,2
1744,17.1,11.1,180,2
1745,17.1,11.1,180,2
1746,17.1,11.1,180,2
1747,17.1,11.1,180,2
1748,17.1,11.1,180,2
1749,17.1,11.1,180,2
1750,17.1,11.1,180,2
1751,17.1,11.1,180,2
1752,17.1,11.1,180,2
1753,17.1,11.1,180,2
1754,17.1,11.1,180,2
1755,17.1,11.1,180,2
1756,17.1,11.1,180,2
1757,17.1,11.1,180,2
1758,17.1,11.1,180,2
1759,17.1,11.1,180,2
1760,17.1,11.1,180,2
1761,17.1,11.1,180,2
1762,17.1,11.1,180,2
1763,17.1,11.1,180,2
1764,17.1,11.1,180,2
1765,17.1,11.1,180,2
1766,17.1,11.1,180,2
1767,17.1,11.1,180,2
1768,17.1,11.1,180,2
1769,17.1,11.1,180,2
1770,17.1,11.1,180,2
1771,17.1,11.1,180,2
1772,17.1,11.1,180,2
1773,17.1,11.1,180,2
1774,17.1,11.1,180,2
