t_sec,ws_mb,private_mb,handles,threads,cpu_sec
0,16.9,11.2,181,5,0.06
1,16.9,11.2,181,5,0.06
2,16.9,11.2,181,5,0.06
3,16.9,11.2,181,5,0.06
4,16.9,11.2,181,5,0.06
5,16.9,11.2,181,5,0.06
6,16.9,11.2,181,5,0.06
7,16.9,11.2,181,5,0.06
8,16.9,11.2,181,5,0.06
9,16.9,11.2,181,5,0.06
10,16.9,11.2,181,5,0.06
11,16.9,11.2,181,5,0.06
12,16.9,11.2,181,5,0.06
13,16.9,11.2,181,5,0.06
14,16.9,11.2,181,5,0.06
15,16.9,11.2,181,5,0.06
16,16.9,11.2,181,5,0.06
17,16.9,11.2,181,5,0.06
18,16.9,11.2,181,5,0.06
19,16.9,11.2,181,5,0.06
20,16.9,11.2,181,5,0.06
21,16.9,11.2,181,5,0.06
22,16.9,11.2,181,5,0.06
23,16.9,11.2,181,5,0.06
24,16.9,11.2,181,5,0.06
25,16.9,11.2,181,5,0.06
26,16.9,11.2,181,5,0.06
27,16.9,11.2,181,5,0.06
28,16.9,11.2,181,5,0.06
29,16.9,11.2,182,5,0.06
30,16.9,11.2,182,5,0.06
31,16.9,11.2,182,5,0.06
32,16.9,11.2,182,5,0.06
33,16.9,11.2,182,5,0.06
34,16.9,11.2,182,5,0.06
35,16.9,11.2,182,5,0.06
36,16.9,11.2,182,5,0.06
37,16.9,11.2,182,5,0.06
38,16.9,11.2,182,5,0.06
39,16.9,11.2,182,5,0.06
40,16.9,11.2,182,5,0.06
41,16.9,11.2,182,5,0.06
