path,area,exists_on_disk,empty_bodied,provenance_missing_225
B014/build/b014_profiler.cpp,B014/build,True,True,configure_log_stub_gate_only
Ship/RawrXD_AutonomousAgenticPipeline.cpp,Ship,True,True,configure_log_stub_gate_only
src/agent/agent_self_healing_orchestrator.cpp,src/agent,True,True,static_parse
src/agent/agent_self_repair.cpp,src/agent,True,True,static_parse
src/agent/agentic_deep_thinking_engine.cpp,src/agent,True,False,static_parse
src/agent/agentic_failure_detector.cpp,src/agent,True,False,static_parse
src/agent/agentic_hotpatch_orchestrator.cpp,src/agent,True,True,static_parse
src/agent/agentic_puppeteer.cpp,src/agent,True,False,static_parse
src/agent/autonomous_orchestrator.cpp,src/agent,True,True,static_parse
src/agent/autonomous_subagent.cpp,src/agent,True,False,static_parse
src/agent/DiskRecoveryAgent.cpp,src/agent,True,True,static_parse
src/agent/eval_framework.cpp,src/agent,True,True,static_parse
src/agent/hexmag_client.cpp,src/agent,True,True,static_parse
src/agent/llm_http_client.cpp,src/agent,True,True,static_parse
src/agent/local_reasoning_engine.cpp,src/agent,True,False,static_parse
src/agent/meta_planner.cpp,src/agent,True,True,static_parse
src/agent/model_invoker.cpp,src/agent,True,False,static_parse
src/agent/orchestrator_cli_handler.cpp,src/agent,True,True,static_parse
src/agent/planner.cpp,src/agent,True,True,static_parse
src/agent/quantum_agent_orchestrator.cpp,src/agent,True,True,static_parse
src/agent/quantum_autonomous_todo_system.cpp,src/agent,True,True,static_parse
src/agent/quantum_dynamic_time_manager.cpp,src/agent,True,True,static_parse
src/agent/quantum_missing_impl.cpp,src/agent,True,True,static_parse
src/agent/quantum_multi_model_agent_cycling.cpp,src/agent,True,True,static_parse
src/agent/quantum_production_orchestrator.cpp,src/agent,True,True,static_parse
src/agent/telemetry_collector.cpp,src/agent,True,False,static_parse
src/agentic/agent_workflow_orchestrator.cpp,src/agentic,True,True,static_parse
src/agentic/agentic_executor.cpp,src/agentic,True,True,static_parse
src/agentic/agentic_transaction.cpp,src/agentic,True,True,static_parse
src/agentic/AgenticDeepThinkingEngine.cpp,src/agentic,True,True,static_parse
src/agentic/AgenticNavigator.cpp,src/agentic,True,True,static_parse
src/agentic/AgentOrchestrator.cpp,src/agentic,True,False,static_parse
src/agentic/AgentToolHandlers.cpp,src/agentic,True,True,static_parse
src/agentic/autonomous_recovery_orchestrator.cpp,src/agentic,True,True,static_parse
src/agentic/BoundedAgentLoop.cpp,src/agentic,True,False,static_parse
src/agentic/DeterministicReplayEngine.cpp,src/agentic,True,True,static_parse
src/agentic/DiskRecoveryAgent.cpp,src/agentic,True,True,static_parse
src/agentic/DiskRecoveryToolHandler.cpp,src/agentic,True,True,static_parse
src/agentic/ErrorRecoveryManager.cpp,src/agentic,True,False,static_parse
src/agentic/failure_intelligence_orchestrator.cpp,src/agentic,True,True,static_parse
src/agentic/FIMPromptBuilder.cpp,src/agentic,True,True,static_parse
src/agentic/OllamaProvider.cpp,src/agentic,True,True,static_parse
src/agentic/OrchestratorBridge.cpp,src/agentic,True,True,static_parse
src/agentic/RawrXD_AgentLoop.cpp,src/agentic,True,True,static_parse
src/agentic/ToolRegistry.cpp,src/agentic,True,False,static_parse
src/agentic_agent_coordinator.cpp,src,True,True,static_parse
src/agentic_model_streamer_bridge.cpp,src,True,False,static_parse
src/ai/streaming_inference_engine.cpp,src/ai,True,False,static_parse
src/ai_completion_real.cpp,src,True,True,static_parse
src/ai_model_caller.cpp,src,True,True,static_parse
src/ANSIParser.cpp,src,True,False,static_parse
src/asm/Code_Pattern_Reconstructor.asm,src/asm,True,False,static_parse
src/asm/diff_engine.asm,src/asm,True,False,static_parse
src/asm/ghost_text_ranker.asm,src/asm,True,False,static_parse
src/asm/RawrXD_DynamicPromptEngine.asm,src/asm,True,False,static_parse
src/asm/RawrXD_HexMag_RepeatTuner.asm,src/asm,True,False,static_parse
src/asm/RawrXD_HexMag_Swarm.asm,src/asm,True,False,static_parse
src/asm/RawrXD_MultiWindow_Kernel.asm,src/asm,True,False,static_parse
src/asm/RawrXD_PE_Exporter.asm,src/asm,True,False,static_parse
src/asm/RawrXD_PE_Importer.asm,src/asm,True,False,static_parse
src/asm/RawrXD_Telemetry_Kernel.asm,src/asm,True,False,static_parse
src/asm/tensor_masm.asm,src/asm,True,False,static_parse
src/asm/view_state_x64.asm,src/asm,True,False,static_parse
src/asm/webview2_masm64_dispatcher.asm,src/asm,True,False,static_parse
src/auth/QuantumAuthUI.cpp,src/auth,True,True,static_parse
src/auth/rbac_engine.cpp,src/auth,True,True,static_parse
src/autonomous_feature_engine.cpp,src,True,True,static_parse
src/autonomous_intelligence_orchestrator.cpp,src,True,True,static_parse
src/backend/vulkan_compute.cpp,src/backend,True,True,static_parse
src/backend/VulkanGemmDispatcher.cpp,src/backend,True,False,static_parse
src/benchmark_menu_widget.cpp,src,True,True,static_parse
src/benchmark_runner.cpp,src,True,True,static_parse
src/bridge/SwarmIATRegistration.cpp,src/bridge,True,False,static_parse
src/bridge/UnifiedModelMetadata.cpp,src/bridge,True,False,static_parse
src/bridge/Win32SwarmBridge.cpp,src/bridge,True,False,static_parse
src/cli/swarm_orchestrator.cpp,src/cli,True,True,static_parse
src/closure/RawrXDAutoClosure.cpp,src/closure,True,False,static_parse
src/cloud_api_client.cpp,src,True,True,static_parse
src/collab/crdt_buffer.cpp,src/collab,True,True,static_parse
src/collab/cursor_widget.cpp,src/collab,True,True,static_parse
src/collab/websocket_hub.cpp,src/collab,True,True,static_parse
src/command/CapabilityProfile.cpp,src/command,True,False,static_parse
src/command/CommandBroker.cpp,src/command,True,False,static_parse
src/command/CommandEventJournal.cpp,src/command,True,False,static_parse
src/command/SessionBinder.cpp,src/command,True,True,static_parse
src/compression/zlib_runtime_loader.cpp,src/compression,True,True,static_parse
src/config/ide_project_config.cpp,src/config,True,False,static_parse
src/context/semantic_index.cpp,src/context,True,False,static_parse
src/core/70b_gguf_hotpatch.cpp,src/core,True,False,static_parse
src/core/accelerator_router.cpp,src/core,True,False,static_parse
src/core/adaptive_pipeline_parallel.cpp,src/core,True,False,static_parse
src/core/agent_memory_indexer.cpp,src/core,True,False,static_parse
src/core/agent_safety_contract.cpp,src/core,True,False,static_parse
src/core/agentic_autonomous_config.cpp,src/core,True,False,static_parse
src/core/agentic_executor_link_stub.cpp,src/core,True,False,static_parse
src/core/alert_system.cpp,src/core,True,False,static_parse
src/core/amd_gpu_accelerator.cpp,src/core,True,False,static_parse
src/core/AmdGpuPowerBackend.cpp,src/core,True,False,static_parse
src/core/arm64_gpu_accelerator.cpp,src/core,True,False,static_parse
src/core/auto_discovery.cpp,src/core,True,False,static_parse
src/core/auto_feature_registry.cpp,src/core,True,False,static_parse
src/core/auto_repair_orchestrator.cpp,src/core,True,False,static_parse
src/core/auto_update_system.cpp,src/core,True,False,static_parse
src/core/autonomous_debugger.cpp,src/core,True,False,static_parse
src/core/backup_manager.cpp,src/core,True,False,static_parse
src/core/beacon_link_stub.cpp,src/core,True,False,static_parse
src/core/byte_level_hotpatcher.cpp,src/core,True,False,static_parse
src/core/camellia256_bridge.cpp,src/core,True,False,static_parse
src/core/cerebras_wse_accelerator.cpp,src/core,True,False,static_parse
src/core/chain_of_thought_engine.cpp,src/core,True,False,static_parse
src/core/confidence_gate.cpp,src/core,True,False,static_parse
src/core/ConfigurationValidator.cpp,src/core,True,False,static_parse
src/core/context_deterioration_hotpatch.cpp,src/core,True,False,static_parse
src/core/convergence_stress_harness.cpp,src/core,True,False,static_parse
src/core/cot_fallback_system.cpp,src/core,True,False,static_parse
src/core/crash_containment.cpp,src/core,True,False,static_parse
src/core/cursor_github_parity_bridge.cpp,src/core,True,False,static_parse
src/core/deterministic_replay.cpp,src/core,True,False,static_parse
src/core/deterministic_swarm.cpp,src/core,True,False,static_parse
src/core/distributed_pipeline_orchestrator.cpp,src/core,True,False,static_parse
src/core/dynamic_prompt_engine_glue.cpp,src/core,True,False,static_parse
src/core/enterprise_devunlock_bridge.cpp,src/core,True,False,static_parse
src/core/enterprise_feature_manager.cpp,src/core,True,False,static_parse
src/core/enterprise_license.cpp,src/core,True,False,static_parse
src/core/enterprise_licensev2_impl.cpp,src/core,True,False,static_parse
src/core/enterprise_stress_tests.cpp,src/core,True,False,static_parse
src/core/enterprise_telemetry_compliance.cpp,src/core,True,False,static_parse
src/core/execution_governor.cpp,src/core,True,False,static_parse
src/core/execution_scheduler.cpp,src/core,True,False,static_parse
src/core/extension_polyfill_engine.cpp,src/core,True,False,static_parse
src/core/feature_registration.cpp,src/core,True,True,static_parse
src/core/feature_registry.cpp,src/core,True,False,static_parse
src/core/flash_attention.cpp,src/core,True,False,static_parse
src/core/gguf_swarm_plan_builder.cpp,src/core,True,False,static_parse
src/core/gold_command_providers.cpp,src/core,True,False,static_parse
src/core/governor_throttling.cpp,src/core,True,False,static_parse
src/core/gpu_backend_bridge.cpp,src/core,True,False,static_parse
src/core/gpu_kernel_autotuner.cpp,src/core,True,False,static_parse
src/core/GpuDecodeEfficiency.cpp,src/core,True,False,static_parse
src/core/hardware_synthesizer.cpp,src/core,True,False,static_parse
src/core/hexmag_ide_link_probe.cpp,src/core,True,False,static_parse
src/core/hotpatch_control_plane.cpp,src/core,True,False,static_parse
src/core/ignite_800b.cpp,src/core,True,False,static_parse
src/core/input_guard_slicer.cpp,src/core,True,False,static_parse
src/core/instructions_provider.cpp,src/core,True,False,static_parse
src/core/integrated_runtime.cpp,src/core,True,False,static_parse
src/core/intel_gpu_accelerator.cpp,src/core,True,False,static_parse
src/core/intent_engine.cpp,src/core,True,False,static_parse
src/core/json_instantiations.cpp,src/core,True,False,static_parse
src/core/jsonrpc_parser.cpp,src/core,True,False,static_parse
src/core/knowledge_graph_core.cpp,src/core,True,False,static_parse
src/core/layer_offload_manager.cpp,src/core,True,False,static_parse
src/core/license_anti_tampering.cpp,src/core,True,False,static_parse
src/core/link_stubs_final.cpp,src/core,True,False,static_parse
src/core/link_stubs_gate.cpp,src/core,False,False,static_parse
src/core/link_stubs_remaining_classes.cpp,src/core,True,False,static_parse
src/core/local_ai_core.cpp,src/core,True,False,static_parse
src/core/local_parity_bridge.cpp,src/core,True,False,static_parse
src/core/masm_stress_harness.cpp,src/core,True,False,static_parse
src/core/menu_auditor.cpp,src/core,True,False,static_parse
src/core/mesh_brain.cpp,src/core,True,False,static_parse
src/core/model_bruteforce_engine.cpp,src/core,True,False,static_parse
src/core/model_loader_fallbacks.cpp,src/core,True,False,static_parse
src/core/model_memory_hotpatch.cpp,src/core,True,False,static_parse
src/core/model_runtime_gate.cpp,src/core,True,False,static_parse
src/core/model_training_pipeline.cpp,src/core,True,False,static_parse
src/core/monolithic_heap_globals.cpp,src/core,True,False,static_parse
src/core/multi_gpu.cpp,src/core,True,False,static_parse
src/core/multiwindow_scheduler.cpp,src/core,True,False,static_parse
src/core/native_debugger_engine.cpp,src/core,True,False,static_parse
src/core/native_debugger_symbols.cpp,src/core,True,False,static_parse
src/core/native_inference_pipeline.cpp,src/core,True,False,static_parse
src/core/native_speed_layer.cpp,src/core,True,False,static_parse
src/core/neural_bridge.cpp,src/core,True,False,static_parse
src/core/omega_asm_native_kernel.cpp,src/core,True,False,static_parse
src/core/omega_orchestrator.cpp,src/core,True,False,static_parse
src/core/patch_rollback_ledger.cpp,src/core,True,False,static_parse
src/core/pdb_reference_provider.cpp,src/core,True,False,static_parse
src/core/perf_telemetry.cpp,src/core,True,False,static_parse
src/core/problems_aggregator.cpp,src/core,True,False,static_parse
src/core/problems_panel_bridge.cpp,src/core,True,False,static_parse
src/core/production_release.cpp,src/core,True,False,static_parse
src/core/proxy_hotpatcher.cpp,src/core,True,False,static_parse
src/core/pt_driver_contract.cpp,src/core,True,False,static_parse
src/core/quant_hysteresis.cpp,src/core,True,False,static_parse
src/core/quantum_safe_transport.cpp,src/core,True,False,static_parse
src/core/rawrxd_native_log_impl.cpp,src/core,True,False,static_parse
src/core/rawrxd_state_mmf.cpp,src/core,True,False,static_parse
src/core/rawrxd_subsystem_api.cpp,src/core,True,False,static_parse
src/core/reasoning_profile.cpp,src/core,True,False,static_parse
src/core/reasoning_schema_versioning.cpp,src/core,True,False,static_parse
src/core/safe_refactor_engine.cpp,src/core,True,False,static_parse
src/core/sandbox_integration.cpp,src/core,True,False,static_parse
src/core/sdma/sdma_coordinator.cpp,src/core/sdma,True,False,static_parse
src/core/sdma/sdma_ring_allocator.cpp,src/core/sdma,True,False,static_parse
src/core/sdma/sdma_scheduler.cpp,src/core/sdma,True,False,static_parse
src/core/self_host_engine.cpp,src/core,True,False,static_parse
src/core/semantic_code_intelligence.cpp,src/core,True,False,static_parse
src/core/sentinel_watchdog.cpp,src/core,True,False,static_parse
src/core/shadow_page_detour.cpp,src/core,True,False,static_parse
src/core/shortcut_manager.cpp,src/core,True,False,static_parse
src/core/speciator_engine.cpp,src/core,True,False,static_parse
src/core/sqlite3.c,src/core,True,False,static_parse
src/core/ssot_auto_missing_handlers.cpp,src/core,True,False,static_parse
src/core/ssot_handlers.cpp,src/core,True,False,static_parse
src/core/ssot_linker_gap_handlers.cpp,src/core,True,False,static_parse
src/core/ssot_missing_handlers_provider.cpp,src/core,True,False,static_parse
src/core/ssot_validation.cpp,src/core,True,False,static_parse
src/core/startup_phase_registry.cpp,src/core,True,False,static_parse
src/core/static_analysis_engine.cpp,src/core,True,False,static_parse
src/core/streaming_engine_registry.cpp,src/core,True,False,static_parse
src/core/stubs.cpp,src/core,True,False,static_parse
src/core/subsystem_mode_fallbacks.cpp,src/core,True,False,static_parse
src/core/swarm_conflict_resolver.cpp,src/core,True,False,static_parse
src/core/swarm_coordinator.cpp,src/core,True,False,static_parse
src/core/swarm_decision_bridge.cpp,src/core,True,False,static_parse
src/core/swarm_reconciliation.cpp,src/core,True,False,static_parse
src/core/swarm_scheduler.cpp,src/core,True,False,static_parse
src/core/swarm_worker.cpp,src/core,True,False,static_parse
src/core/transaction_journal.cpp,src/core,True,False,static_parse
src/core/transcendence_coordinator.cpp,src/core,True,False,static_parse
src/core/unified_command_dispatch.cpp,src/core,True,False,static_parse
src/core/unified_hotpatch_manager.cpp,src/core,True,False,static_parse
src/core/unified_memory_executor.cpp,src/core,True,False,static_parse
src/core/universal_model_hotpatcher.cpp,src/core,True,False,static_parse
src/core/universal_model_merger.cpp,src/core,True,False,static_parse
src/core/universal_stub.cpp,src/core,True,False,static_parse
src/core/unlinked_symbols_batch_001.cpp,src/core,True,False,static_parse
src/core/unlinked_symbols_batch_002.cpp,src/core,True,False,static_parse
src/core/unlinked_symbols_batch_003.cpp,src/core,True,False,static_parse
src/core/unlinked_symbols_batch_005.cpp,src/core,True,False,static_parse
src/core/unlinked_symbols_batch_006.cpp,src/core,True,False,static_parse
src/core/unlinked_symbols_batch_007.cpp,src/core,True,False,static_parse
src/core/unlinked_symbols_batch_008.cpp,src/core,True,False,static_parse
src/core/unlinked_symbols_batch_009.cpp,src/core,True,False,static_parse
src/core/unlinked_symbols_batch_010.cpp,src/core,True,False,static_parse
src/core/unlinked_symbols_batch_011.cpp,src/core,True,False,static_parse
src/core/unlinked_symbols_batch_012.cpp,src/core,True,False,static_parse
src/core/unlinked_symbols_batch_021.cpp,src/core,True,False,static_parse
src/core/unlinked_symbols_batch_022.cpp,src/core,True,False,static_parse
src/core/vector_index.cpp,src/core,True,False,static_parse
src/core/vision_embedding_cache.cpp,src/core,True,False,static_parse
src/core/vision_gpu_staging.cpp,src/core,True,False,static_parse
src/core/vision_kv_isolation.cpp,src/core,True,False,static_parse
src/core/vision_quantized_encoder.cpp,src/core,True,False,static_parse
src/core/vision_token_gate.cpp,src/core,True,False,static_parse
src/core/voice_automation.cpp,src/core,True,False,static_parse
src/core/voice_chat.cpp,src/core,True,False,static_parse
src/core/watchdog_service.cpp,src/core,True,False,static_parse
src/core/webrtc_signaling.cpp,src/core,True,False,static_parse
src/core/win32ide_handler_impls.cpp,src/core,True,False,static_parse
src/core/win32ide_missing_handlers.cpp,src/core,True,False,static_parse
src/core/win32ide_watchdog_init.cpp,src/core,True,False,static_parse
src/core/workspace_reasoning_profiles.cpp,src/core,True,False,static_parse
src/cpu_inference_engine.cpp,src,True,False,static_parse
src/deep2/AgentToolAuthority.cpp,src/deep2,True,False,static_parse
src/deep2/AntiPatcher.cpp,src/deep2,True,False,static_parse
src/deep2/CompressedKVCache.cpp,src/deep2,True,False,static_parse
src/deep2/CycloneScheduler.cpp,src/deep2,True,False,static_parse
src/deep2/deep2_end_to_end_bench.cpp,src/deep2,True,False,static_parse
src/deep2/deep2_moe_bench_standalone.cpp,src/deep2,True,False,static_parse
src/deep2/Deep2Engine.cpp,src/deep2,True,False,static_parse
src/deep2/Deep2Engine_KernelTest.cpp,src/deep2,True,False,static_parse
src/deep2/Deep2ExecutionGraph.cpp,src/deep2,True,False,static_parse
src/deep2/Deep2InferenceEndpoint.cpp,src/deep2,True,False,static_parse
src/deep2/Deep2ModelRuntime.cpp,src/deep2,True,False,static_parse
src/deep2/Deep2Server_Minimal.cpp,src/deep2,True,False,static_parse
src/deep2/Deep2Server_Sovereign.cpp,src/deep2,True,False,static_parse
src/deep2/dump_tensors.cpp,src/deep2,True,False,static_parse
src/deep2/ElasticResidencyManager.cpp,src/deep2,True,False,static_parse
src/deep2/GGUFLoader_Fixed.cpp,src/deep2,True,False,static_parse
src/deep2/GGUFVerifier.cpp,src/deep2,True,False,static_parse
src/deep2/mars/MARSController.cpp,src/deep2/mars,True,False,static_parse
src/deep2/moe_microbench.cpp,src/deep2,True,False,static_parse
src/deep2/moe_simple_bench.cpp,src/deep2,True,False,static_parse
src/deep2/moe_test.cpp,src/deep2,True,False,static_parse
src/deep2/moe_validation_test.cpp,src/deep2,True,False,static_parse
src/deep2/MoERouter.cpp,src/deep2,True,True,static_parse
src/deep2/NVMeStream.cpp,src/deep2,True,False,static_parse
src/deep2/PlasmaGovernor.cpp,src/deep2,True,False,static_parse
src/deep2/QuantKernelRegistry.cpp,src/deep2,True,False,static_parse
src/deep2/router_bench.cpp,src/deep2,True,False,static_parse
src/deep2/router_latency_test.cpp,src/deep2,True,False,static_parse
src/deep2/Sampler.cpp,src/deep2,True,False,static_parse
src/deep2/StreamEngine.cpp,src/deep2,True,False,static_parse
src/deep2/StreamRouter.cpp,src/deep2,True,False,static_parse
src/deep2/test_api_server.cpp,src/deep2,True,False,static_parse
src/deep2/test_real_gguf_load.cpp,src/deep2,True,False,static_parse
src/deep2/test_real_gguf_validate.cpp,src/deep2,True,False,static_parse
src/deep2/test_tool_limit_hotpatch.cpp,src/deep2,True,False,static_parse
src/deep2/TheDualityExample.cpp,src/deep2,True,False,static_parse
src/deep2/Tokenizer.cpp,src/deep2,True,False,static_parse
src/deep2/VAL038_Benchmark_Harness.cpp,src/deep2,True,False,static_parse
src/deep2/VAL063_Deep2Certification.cpp,src/deep2,True,False,static_parse
src/engine/gguf_core.cpp,src/engine,True,False,static_parse
src/engine/Omega1Engine_Server.cpp,src/engine,True,False,static_parse
src/engine/transformer.cpp,src/engine,True,False,static_parse
src/feature_registry_panel.cpp,src,True,True,static_parse
src/gguf_loader.cpp,src,True,False,static_parse
src/gguf_vocab_resolver.cpp,src,True,False,static_parse
src/hybrid_cloud_manager.cpp,src,True,True,static_parse
src/inference/NegativeSpaceProfiler.cpp,src/inference,True,True,static_parse
src/intelligent_codebase_engine.cpp,src,False,False,configure_log_missing_225
src/interpretability_panel_enhanced.cpp,src,False,False,configure_log_missing_225
src/kernels/rdna3/RDNA3_GpuDispatcher.cpp,src/kernels/rdna3,False,False,configure_log_missing_225
src/LanguageServerIntegration.cpp,src,False,False,configure_log_missing_225
src/llm_adapter/ggufrunner_link_fallbacks.cpp,src/llm_adapter,False,False,static_parse
src/llm_adapter/rawrxd_ggufrunner_signals.cpp,src/llm_adapter,False,False,configure_log_missing_225
src/logging/Logger.cpp,src/logging,True,True,static_parse
src/lsp/gguf_diagnostic_provider.cpp,src/lsp,False,False,configure_log_missing_225
src/lsp/hotpatch_symbol_provider.cpp,src/lsp,False,False,configure_log_missing_225
src/lsp/lsp_hotpatch_bridge.cpp,src/lsp,False,False,configure_log_missing_225
src/lsp/RawrXD_LSPServer.cpp,src/lsp,False,False,configure_log_missing_225
src/lsp_client.cpp,src,False,False,configure_log_missing_225
src/mcp_integration.cpp,src,False,False,configure_log_missing_225
src/memory/UnifiedMemoryPool.cpp,src/memory,False,False,configure_log_missing_225
src/model_registry.cpp,src,False,False,configure_log_missing_225
src/model_source_resolver.cpp,src,True,False,static_parse
src/model_trainer.cpp,src,False,False,configure_log_missing_225
src/modules/autonomous_agentic_orchestrator.cpp,src/modules,False,False,configure_log_missing_225
src/modules/codex_ultimate.cpp,src/modules,False,False,configure_log_missing_225
src/modules/copilot_gap_closer.cpp,src/modules,False,False,configure_log_missing_225
src/modules/crucible_engine.cpp,src/modules,False,False,configure_log_missing_225
src/modules/engine_manager.cpp,src/modules,False,False,configure_log_missing_225
src/modules/game_engine_manager.cpp,src/modules,False,False,configure_log_missing_225
src/modules/quickjs_extension_host.cpp,src/modules,False,False,configure_log_missing_225
src/modules/quickjs_vscode_bindings.cpp,src/modules,False,False,configure_log_missing_225
src/modules/unity_engine_integration.cpp,src/modules,False,False,configure_log_missing_225
src/modules/unreal_engine_integration.cpp,src/modules,False,False,configure_log_missing_225
src/modules/vscode_extension_api.cpp,src/modules,False,False,configure_log_missing_225
src/modules/vsix_loader_win32.cpp,src/modules,False,False,configure_log_missing_225
src/multi_file_search.cpp,src,False,False,configure_log_missing_225
src/plan_orchestrator.cpp,src,False,False,configure_log_missing_225
src/plugin_system/win32_plugin_loader.cpp,src/plugin_system,False,False,configure_log_missing_225
src/production_config_manager.cpp,src,True,True,static_parse
src/project_context.cpp,src,False,False,configure_log_missing_225
src/rawrxd_cpu_math.cpp,src,True,False,static_parse
src/rawrxd_inference.cpp,src,True,True,static_parse
src/rawrxd_model_loader.cpp,src,True,False,static_parse
src/rawrxd_sampler.cpp,src,True,False,static_parse
src/rawrxd_tokenizer.cpp,src,True,False,static_parse
src/rawrxd_transformer.cpp,src,True,False,static_parse
src/rdna3_bridge.cpp,src,False,False,configure_log_missing_225
src/real_time_completion_engine.cpp,src,False,False,configure_log_missing_225
src/refactor/RefactorChainIdeSurface.cpp,src/refactor,True,False,static_parse
src/repointel/RepositoryUniverse.cpp,src/repointel,True,False,static_parse
src/repointel/ScopeTree.cpp,src/repointel,True,False,static_parse
src/runtime/memory/CapacityManager.cpp,src/runtime/memory,True,True,static_parse
src/runtime/memory/PredictiveMemoryManager.cpp,src/runtime/memory,True,True,static_parse
src/runtime/memory/ResidencyTracker.cpp,src/runtime/memory,True,True,static_parse
src/runtime/memory/TensorPlacementManager.cpp,src/runtime/memory,True,True,static_parse
src/runtime/memory/TransferScheduler.cpp,src/runtime/memory,True,False,static_parse
src/runtime/memory/WorkingSetPredictor.cpp,src/runtime/memory,True,True,static_parse
src/runtime/shared/BP1BraidStreamer.cpp,src/runtime/shared,True,False,static_parse
src/runtime/StreamRouterAdapter.cpp,src/runtime,True,True,static_parse
src/runtime/TensorExecutionRouter.cpp,src/runtime,True,True,static_parse
src/runtime_core.cpp,src,False,False,configure_log_missing_225
src/security/ProviderKeyStore.cpp,src/security,False,False,configure_log_missing_225
src/security/ProviderKeyStore_get.cpp,src/security,False,False,configure_log_missing_225
src/security/ProviderKeyStore_misc.cpp,src/security,False,False,configure_log_missing_225
src/sovereign/awareness/SystemAwareness.cpp,src/sovereign/awareness,False,False,configure_log_missing_225
src/sovereign/build/BuildStateGraph.cpp,src/sovereign/build,False,False,configure_log_missing_225
src/sovereign/bus/BeaconBus.cpp,src/sovereign/bus,False,False,configure_log_missing_225
src/sovereign/bus/CapabilityBus.cpp,src/sovereign/bus,False,False,configure_log_missing_225
src/sovereign/capsule/ExecutionCapsule.cpp,src/sovereign/capsule,False,False,configure_log_missing_225
src/sovereign/compression/IntentCompression.cpp,src/sovereign/compression,False,False,configure_log_missing_225
src/sovereign/control/SovereignControlPlane.cpp,src/sovereign/control,False,False,configure_log_missing_225
src/sovereign/ide/SovereignIDEIntegration.cpp,src/sovereign/ide,False,False,configure_log_missing_225
src/sovereign/puppeteer/JITAssembler.cpp,src/sovereign/puppeteer,True,False,static_parse
src/sovereign/recovery/AutonomousRecovery.cpp,src/sovereign/recovery,False,False,configure_log_missing_225
src/sovereign/spine/ExecutionSpine.cpp,src/sovereign/spine,False,False,configure_log_missing_225
src/sovereign/terminal/TerminalOwnership.cpp,src/sovereign/terminal,False,False,configure_log_missing_225
src/sovereign/validator/RealityValidator.cpp,src/sovereign/validator,False,False,configure_log_missing_225
src/sovereign_autonomy/SovereignAgentRuntime.cpp,src/sovereign_autonomy,False,False,configure_log_missing_225
src/sovereign_autonomy/SovereignBlackboard.cpp,src/sovereign_autonomy,False,False,configure_log_missing_225
src/sovereign_autonomy/SovereignCritic.cpp,src/sovereign_autonomy,False,False,configure_log_missing_225
src/sovereign_autonomy/SovereignMissionPlanner.cpp,src/sovereign_autonomy,False,False,configure_log_missing_225
src/sovereign_autonomy/SovereignReflectionEngine.cpp,src/sovereign_autonomy,False,False,configure_log_missing_225
src/sovereign_autonomy/SovereignTaskGraph.cpp,src/sovereign_autonomy,False,False,configure_log_missing_225
src/spengine_bridge.cpp,src,False,False,configure_log_missing_225
src/stubs.cpp,src,False,False,static_parse
src/terminal/embedded_terminal.cpp,src/terminal,False,False,configure_log_missing_225
src/thermal/RAWRXD_ThermalDashboard.cpp,src/thermal,False,False,configure_log_missing_225
src/tool_registry_advanced.cpp,src,False,False,configure_log_missing_225
src/ui/agentic_bridge.cpp,src/ui,False,False,configure_log_missing_225
src/ui/ExportBridge.cpp,src/ui,False,False,configure_log_missing_225
src/ui/ImportBridge.cpp,src/ui,False,False,configure_log_missing_225
src/ui/interpretability_panel.cpp,src/ui,False,False,configure_log_missing_225
src/ui/monaco_settings_dialog.cpp,src/ui,False,False,configure_log_missing_225
src/ui/RawrXD_MainLoop.cpp,src/ui,False,False,configure_log_missing_225
src/universal_model_router.cpp,src,False,False,configure_log_missing_225
src/utils/ErrorReporter.cpp,src/utils,False,False,configure_log_missing_225
src/vulkan_compute.cpp,src,True,True,static_parse
src/vulkan_kernel_bridge.cpp,src,True,True,static_parse
src/win32app/AgenticBrowserLayer.cpp,src/win32app,False,False,configure_log_missing_225
src/win32app/ai_workers_queue.cpp,src/win32app,False,False,configure_log_missing_225
src/win32app/AutonomousAgent.cpp,src/win32app,False,False,configure_log_missing_225
src/win32app/BenchmarkMenu.cpp,src/win32app,False,False,configure_log_missing_225
src/win32app/CICDSettings.cpp,src/win32app,True,False,static_parse
src/win32app/collab_cursor_fallbacks.cpp,src/win32app,False,False,static_parse
src/win32app/ConsentPrompt.cpp,src/win32app,False,False,configure_log_missing_225
src/win32app/EditorOperations.cpp,src/win32app,False,False,configure_log_missing_225
src/win32app/feature_registry_panel.cpp,src/win32app,False,False,configure_log_missing_225
src/win32app/HeadlessIDE_FileAliases.cpp,src/win32app,False,False,configure_log_missing_225
src/win32app/ide_inference_gate.cpp,src/win32app,True,False,static_parse
src/win32app/ide_toolchain_gate.cpp,src/win32app,True,False,static_parse
src/win32app/IDEDiagnosticAutoHealer.cpp,src/win32app,False,False,configure_log_missing_225
src/win32app/IMultiFileSearchWidget.cpp,src/win32app,False,False,configure_log_missing_225
src/win32app/IocpFileWatcher.cpp,src/win32app,False,False,configure_log_missing_225
src/win32app/IV280Bridge.cpp,src/win32app,False,False,configure_log_missing_225
src/win32app/main_win32.cpp,src/win32app,True,False,static_parse
src/win32app/OSExplorerInterceptor.cpp,src/win32app,False,False,configure_log_missing_225
src/win32app/RawrXD-Win32IDE.rc,src/win32app,True,False,static_parse
src/win32app/RouterOperations.cpp,src/win32app,False,False,configure_log_missing_225
src/win32app/TodoManager.cpp,src/win32app,False,False,configure_log_missing_225
src/win32app/TransparentRenderer.cpp,src/win32app,False,False,configure_log_missing_225
src/win32app/v280_link_bridge.cpp,src/win32app,False,False,configure_log_missing_225
src/win32app/VSCodeMarketplaceAPI.cpp,src/win32app,False,False,configure_log_missing_225
src/win32app/VulkanRenderer.cpp,src/win32app,False,False,configure_log_missing_225
src/win32app/Win32IDE.cpp,src/win32app,False,False,configure_log_missing_225
src/win32app/Win32IDE_Accelerators.cpp,src/win32app,False,False,configure_log_missing_225
src/win32app/Win32IDE_AgentCommands.cpp,src/win32app,False,False,configure_log_missing_225
src/win32app/Win32IDE_AgentHistory.cpp,src/win32app,False,False,configure_log_missing_225
src/win32app/Win32IDE_AgenticBridge.cpp,src/win32app,True,False,static_parse
src/win32app/Win32IDE_AgenticBrowser.cpp,src/win32app,False,False,configure_log_missing_225
src/win32app/Win32IDE_AgenticComposerUX.cpp,src/win32app,False,False,configure_log_missing_225
src/win32app/Win32IDE_AgenticPlanningPanel.cpp,src/win32app,False,False,configure_log_missing_225
src/win32app/Win32IDE_AgentPanel.cpp,src/win32app,True,False,static_parse
src/win32app/Win32IDE_AgentStreamingBridge.cpp,src/win32app,False,False,configure_log_missing_225
src/win32app/Win32IDE_AIBackend.cpp,src/win32app,False,False,configure_log_missing_225
src/win32app/Win32IDE_AIReverseEngineering.cpp,src/win32app,False,False,configure_log_missing_225
src/win32app/Win32IDE_AirgappedEnterprise.cpp,src/win32app,False,False,configure_log_missing_225
src/win32app/Win32IDE_Annotations.cpp,src/win32app,False,False,configure_log_missing_225
src/win32app/Win32IDE_AsmSemantic.cpp,src/win32app,False,False,configure_log_missing_225
src/win32app/Win32IDE_AuditDashboard.cpp,src/win32app,False,False,configure_log_missing_225
src/win32app/Win32IDE_AutonomousAgent.cpp,src/win32app,False,False,configure_log_missing_225
src/win32app/Win32IDE_AutonomousCommunicator.cpp,src/win32app,False,False,configure_log_missing_225
src/win32app/Win32IDE_AutonomousDebugger.cpp,src/win32app,False,False,configure_log_missing_225
src/win32app/Win32IDE_Autonomy.cpp,src/win32app,False,False,configure_log_missing_225
src/win32app/Win32IDE_AutoSave.cpp,src/win32app,True,False,static_parse
src/win32app/Win32IDE_BackendSwitcher.cpp,src/win32app,False,False,configure_log_missing_225
src/win32app/Win32IDE_Breadcrumbs.cpp,src/win32app,False,False,configure_log_missing_225
src/win32app/Win32IDE_BuildRunner.cpp,src/win32app,True,False,static_parse
src/win32app/Win32IDE_CaretAnimation.cpp,src/win32app,False,False,configure_log_missing_225
src/win32app/Win32IDE_ChatMessageRenderer.cpp,src/win32app,False,False,configure_log_missing_225
src/win32app/Win32IDE_ChatPanel.cpp,src/win32app,True,False,static_parse
src/win32app/Win32IDE_CodeLens.cpp,src/win32app,False,False,configure_log_missing_225
src/win32app/Win32IDE_Collab.cpp,src/win32app,False,False,configure_log_missing_225
src/win32app/Win32IDE_ColorPicker.cpp,src/win32app,False,False,configure_log_missing_225
src/win32app/Win32IDE_CommandFlight.cpp,src/win32app,False,False,configure_log_missing_225
src/win32app/Win32IDE_Commands.cpp,src/win32app,True,False,static_parse
src/win32app/Win32IDE_CommandSurface.cpp,src/win32app,False,False,configure_log_missing_225
src/win32app/Win32IDE_ConsentPrompt.cpp,src/win32app,False,False,configure_log_missing_225
src/win32app/Win32IDE_ContextMentionParser.cpp,src/win32app,False,False,configure_log_missing_225
src/win32app/Win32IDE_CopilotGapPanel.cpp,src/win32app,False,False,configure_log_missing_225
src/win32app/Win32IDE_Core.cpp,src/win32app,True,False,static_parse
src/win32app/Win32IDE_CoreRuntimeSpine.cpp,src/win32app,False,False,configure_log_missing_225
src/win32app/Win32IDE_CrashReporter.cpp,src/win32app,False,False,configure_log_missing_225
src/win32app/Win32IDE_CruciblePanel.cpp,src/win32app,False,False,configure_log_missing_225
src/win32app/Win32IDE_CursorParity.cpp,src/win32app,False,False,configure_log_missing_225
src/win32app/Win32IDE_Debugger.cpp,src/win32app,False,False,configure_log_missing_225
src/win32app/Win32IDE_DecompilerView.cpp,src/win32app,False,False,configure_log_missing_225
src/win32app/Win32IDE_DiffView.cpp,src/win32app,False,False,configure_log_missing_225
src/win32app/Win32IDE_DiskRecovery.cpp,src/win32app,False,False,configure_log_missing_225
src/win32app/Win32IDE_DualAgentPanel.cpp,src/win32app,False,False,configure_log_missing_225
src/win32app/Win32IDE_EditorEngine.cpp,src/win32app,True,False,static_parse
src/win32app/Win32IDE_EmojiSupport.cpp,src/win32app,False,False,configure_log_missing_225
src/win32app/Win32IDE_EnterpriseStressTests.cpp,src/win32app,False,False,configure_log_missing_225
src/win32app/Win32IDE_ExecutionGovernor.cpp,src/win32app,False,False,configure_log_missing_225
src/win32app/Win32IDE_FailureDetector.cpp,src/win32app,False,False,configure_log_missing_225
src/win32app/Win32IDE_FailureIntelligence.cpp,src/win32app,False,False,configure_log_missing_225
src/win32app/Win32IDE_FeatureManifest.cpp,src/win32app,False,False,configure_log_missing_225
src/win32app/Win32IDE_FileOps.cpp,src/win32app,True,False,static_parse
src/win32app/Win32IDE_FlagshipFeatures.cpp,src/win32app,False,False,configure_log_missing_225
src/win32app/Win32IDE_FlightRecorder.cpp,src/win32app,False,False,configure_log_missing_225
src/win32app/Win32IDE_FuzzySearch.cpp,src/win32app,False,False,configure_log_missing_225
src/win32app/Win32IDE_GameEnginePanel.cpp,src/win32app,False,False,configure_log_missing_225
src/win32app/Win32IDE_Gauntlet.cpp,src/win32app,False,False,configure_log_missing_225
src/win32app/Win32IDE_GGUFInspector.cpp,src/win32app,False,False,configure_log_missing_225
src/win32app/Win32IDE_GhostText.cpp,src/win32app,True,False,static_parse
src/win32app/Win32IDE_GitPanel.cpp,src/win32app,True,False,static_parse
src/win32app/Win32IDE_GUILayoutHotpatch.cpp,src/win32app,False,False,configure_log_missing_225
src/win32app/Win32IDE_HandleExtensionCommand.cpp,src/win32app,False,False,configure_log_missing_225
src/win32app/Win32IDE_headless_stubs.cpp,src/win32app,False,False,static_parse
src/win32app/Win32IDE_HexMagCopilotRoute.cpp,src/win32app,False,False,configure_log_missing_225
src/win32app/Win32IDE_HotpatchCtrlPanel.cpp,src/win32app,False,False,configure_log_missing_225
src/win32app/Win32IDE_HotpatchPanel.cpp,src/win32app,False,False,configure_log_missing_225
src/win32app/Win32IDE_HoverTooltips.cpp,src/win32app,False,False,configure_log_missing_225
src/win32app/Win32IDE_IDEDiagnosticAutoHealer.cpp,src/win32app,False,False,configure_log_missing_225
src/win32app/Win32IDE_InlayHints.cpp,src/win32app,False,False,configure_log_missing_225
src/win32app/Win32IDE_Instructions.cpp,src/win32app,False,False,configure_log_missing_225
src/win32app/Win32IDE_IOCPFileWatcher.cpp,src/win32app,False,False,configure_log_missing_225
src/win32app/Win32IDE_IRCBridge.cpp,src/win32app,False,False,configure_log_missing_225
src/win32app/Win32IDE_IRCBridgeCommands.cpp,src/win32app,False,False,configure_log_missing_225
src/win32app/Win32IDE_LanguagePlugin.cpp,src/win32app,False,False,configure_log_missing_225
src/win32app/Win32IDE_LayerEviction.cpp,src/win32app,False,False,configure_log_missing_225
src/win32app/Win32IDE_LicenseCreator.cpp,src/win32app,False,False,configure_log_missing_225
src/win32app/Win32IDE_LLMRouter.cpp,src/win32app,False,False,configure_log_missing_225
src/win32app/Win32IDE_LocalServer.cpp,src/win32app,False,False,configure_log_missing_225
src/win32app/Win32IDE_Logger.cpp,src/win32app,True,False,static_parse
src/win32app/Win32IDE_LSP_AI_Bridge.cpp,src/win32app,True,False,static_parse
src/win32app/Win32IDE_LSPClient.cpp,src/win32app,True,False,static_parse
src/win32app/Win32IDE_LSPServer.cpp,src/win32app,True,False,static_parse
src/win32app/Win32IDE_MarketplacePanel.cpp,src/win32app,False,False,configure_log_missing_225
src/win32app/Win32IDE_MCP.cpp,src/win32app,True,False,static_parse
src/win32app/Win32IDE_MCPHooks.cpp,src/win32app,True,False,static_parse
src/win32app/Win32IDE_MenuE2eProbe.cpp,src/win32app,False,False,configure_log_missing_225
src/win32app/Win32IDE_Minimap.cpp,src/win32app,False,False,configure_log_missing_225
src/win32app/Win32IDE_ModelAnatomy.cpp,src/win32app,False,False,configure_log_missing_225
src/win32app/Win32IDE_ModelDiscovery.cpp,src/win32app,False,False,configure_log_missing_225
src/win32app/Win32IDE_MonacoThemes.cpp,src/win32app,False,False,configure_log_missing_225
src/win32app/Win32IDE_MultiCursor.cpp,src/win32app,False,False,configure_log_missing_225
src/win32app/Win32IDE_MultiResponse.cpp,src/win32app,False,False,configure_log_missing_225
src/win32app/Win32IDE_NativeDebugPanel.cpp,src/win32app,False,False,configure_log_missing_225
src/win32app/Win32IDE_NativePipeline.cpp,src/win32app,False,False,configure_log_missing_225
src/win32app/Win32IDE_NetworkPanel.cpp,src/win32app,False,False,configure_log_missing_225
src/win32app/Win32IDE_OSExplorerInterceptor.cpp,src/win32app,False,False,configure_log_missing_225
src/win32app/Win32IDE_OutlinePanel.cpp,src/win32app,False,False,configure_log_missing_225
src/win32app/Win32IDE_PDBSymbols.cpp,src/win32app,False,False,configure_log_missing_225
src/win32app/Win32IDE_PeekOverlay.cpp,src/win32app,False,False,configure_log_missing_225
src/win32app/Win32IDE_PeekView.cpp,src/win32app,False,False,configure_log_missing_225
src/win32app/Win32IDE_PerfTelemetry.cpp,src/win32app,False,False,configure_log_missing_225
src/win32app/Win32IDE_PipelinePanel.cpp,src/win32app,False,False,configure_log_missing_225
src/win32app/Win32IDE_PlanExecutor.cpp,src/win32app,False,False,configure_log_missing_225
src/win32app/Win32IDE_Plugins.cpp,src/win32app,False,False,configure_log_missing_225
src/win32app/Win32IDE_PluginSignature.cpp,src/win32app,False,False,configure_log_missing_225
src/win32app/Win32IDE_PowerShell.cpp,src/win32app,False,False,configure_log_missing_225
src/win32app/Win32IDE_PowerShellPanel.cpp,src/win32app,False,False,configure_log_missing_225
src/win32app/Win32IDE_ProblemsPanel.cpp,src/win32app,False,False,configure_log_missing_225
src/win32app/Win32IDE_ProvableAgent.cpp,src/win32app,False,False,configure_log_missing_225
src/win32app/Win32IDE_QuickWins.cpp,src/win32app,False,False,configure_log_missing_225
src/win32app/Win32IDE_Refactor.cpp,src/win32app,False,False,configure_log_missing_225
src/win32app/Win32IDE_RefactoringPlugin.cpp,src/win32app,False,False,configure_log_missing_225
src/win32app/Win32IDE_RenamePreview.cpp,src/win32app,False,False,configure_log_missing_225
src/win32app/Win32IDE_ResourceGenerator.cpp,src/win32app,False,False,configure_log_missing_225
src/win32app/Win32IDE_ReverseEngineering.cpp,src/win32app,False,False,configure_log_missing_225
src/win32app/Win32IDE_RuntimeCert.cpp,src/win32app,True,False,static_parse
src/win32app/Win32IDE_SearchPanel.cpp,src/win32app,True,False,static_parse
src/win32app/Win32IDE_SecurityScans.cpp,src/win32app,False,False,configure_log_missing_225
src/win32app/Win32IDE_SemanticIndex.cpp,src/win32app,False,False,configure_log_missing_225
src/win32app/Win32IDE_SemanticPanel.cpp,src/win32app,False,False,configure_log_missing_225
src/win32app/Win32IDE_Session.cpp,src/win32app,True,False,static_parse
src/win32app/Win32IDE_Settings.cpp,src/win32app,True,False,static_parse
src/win32app/Win32IDE_SettingsGUI.cpp,src/win32app,True,False,static_parse
src/win32app/Win32IDE_ShellLayout.cpp,src/win32app,True,False,static_parse
src/win32app/Win32IDE_ShortcutEditor.cpp,src/win32app,False,False,configure_log_missing_225
src/win32app/Win32IDE_Sidebar.cpp,src/win32app,True,False,static_parse
src/win32app/Win32IDE_SnippetEngine.cpp,src/win32app,False,False,configure_log_missing_225
src/win32app/Win32IDE_SQLite3Core.cpp,src/win32app,False,False,configure_log_missing_225
src/win32app/Win32IDE_StaticAnalysisPanel.cpp,src/win32app,False,False,configure_log_missing_225
src/win32app/Win32IDE_StreamingUX.cpp,src/win32app,True,False,static_parse
src/win32app/Win32IDE_SubAgent.cpp,src/win32app,False,False,configure_log_missing_225
src/win32app/Win32IDE_SwarmModelSelector.cpp,src/win32app,False,False,configure_log_missing_225
src/win32app/Win32IDE_SwarmPanel.cpp,src/win32app,False,False,configure_log_missing_225
src/win32app/Win32IDE_SyntaxHighlight.cpp,src/win32app,True,False,static_parse
src/win32app/Win32IDE_TabManager.cpp,src/win32app,True,False,static_parse
src/win32app/Win32IDE_Tasks.cpp,src/win32app,False,False,configure_log_missing_225
src/win32app/Win32IDE_Telemetry.cpp,src/win32app,False,False,configure_log_missing_225
src/win32app/Win32IDE_TelemetryDashboard.cpp,src/win32app,False,False,configure_log_missing_225
src/win32app/Win32IDE_TelemetryExport.cpp,src/win32app,False,False,configure_log_missing_225
src/win32app/Win32IDE_TelemetryPanel.cpp,src/win32app,False,False,configure_log_missing_225
src/win32app/Win32IDE_TerminalSplit.cpp,src/win32app,True,False,static_parse
src/win32app/Win32IDE_TestExplorerTree.cpp,src/win32app,False,False,configure_log_missing_225
src/win32app/Win32IDE_Themes.cpp,src/win32app,False,False,configure_log_missing_225
src/win32app/Win32IDE_Tier1Cosmetics.cpp,src/win32app,False,False,configure_log_missing_225
src/win32app/Win32IDE_Tier2Cosmetics.cpp,src/win32app,False,False,configure_log_missing_225
src/win32app/Win32IDE_Tier3Cosmetics.cpp,src/win32app,False,False,configure_log_missing_225
src/win32app/Win32IDE_Tier3Polish.cpp,src/win32app,False,False,configure_log_missing_225
src/win32app/Win32IDE_Tier5Cosmetics.cpp,src/win32app,False,False,configure_log_missing_225
src/win32app/Win32IDE_ToolActionStatus.cpp,src/win32app,False,False,configure_log_missing_225
src/win32app/Win32IDE_TranscendencePanel.cpp,src/win32app,False,False,configure_log_missing_225
src/win32app/Win32IDE_UnifiedTelemetry.cpp,src/win32app,False,False,configure_log_missing_225
src/win32app/Win32IDE_UpdateSignature.cpp,src/win32app,False,False,configure_log_missing_225
src/win32app/Win32IDE_VisionEncoder.cpp,src/win32app,False,False,configure_log_missing_225
src/win32app/Win32IDE_VoiceAutomation.cpp,src/win32app,False,False,configure_log_missing_225
src/win32app/Win32IDE_VoiceChat.cpp,src/win32app,False,False,configure_log_missing_225
src/win32app/Win32IDE_VSCodeExtAPI.cpp,src/win32app,False,False,configure_log_missing_225
src/win32app/Win32IDE_VSCodeUI.cpp,src/win32app,False,False,configure_log_missing_225
src/win32app/Win32IDE_VulkanRenderer.cpp,src/win32app,False,False,configure_log_missing_225
src/win32app/Win32IDE_Watchdog.cpp,src/win32app,True,False,static_parse
src/win32app/Win32IDE_WebView2.cpp,src/win32app,False,False,configure_log_missing_225
src/win32app/Win32IDE_WindowOwnership.cpp,src/win32app,False,False,configure_log_missing_225
src/win32app/Win32TerminalManager.cpp,src/win32app,False,False,configure_log_missing_225
src/win32app/WindowManager.cpp,src/win32app,False,False,configure_log_missing_225
src/win32ide/GhostTextRenderer.cpp,src/win32ide,False,False,configure_log_missing_225
src/win32ide/Omega1IDEIntegration.cpp,src/win32ide,False,False,configure_log_missing_225
src/win32ide/Omega1IPCClient.cpp,src/win32ide,False,False,configure_log_missing_225
src/win32ide/StatusBarTelemetry.cpp,src/win32ide,False,False,configure_log_missing_225
src/win32ide/Win32IDE_Omega1Integration.cpp,src/win32ide,False,False,configure_log_missing_225
