"Name","Path"
"ALL_BUILD.vcxproj","9777D1D5-EE26-36F4-A151-F0E66D87DC32"
"BackendOrchestratorShardSmoke.vcxproj","6A77A877-63E3-33DB-B880-9F4F3BD2C7C8"
"Deep2Engine_RouterSmokeTest.vcxproj","B5A45F1C-71F0-3E7E-B486-E2A512980E89"
"GGUF_Alignment_Diagnostic.vcxproj","1217CF22-2FC3-3007-810B-B3EE0F0DE283"
"INSTALL.vcxproj","B7BEE428-BD78-39F0-A0B6-629CF25F8C08"
"InferenceEngine.vcxproj","F5CB1277-8557-3D49-B7B7-1843C3762A59"
"RawrEngine.vcxproj","9B5F3212-BE3A-357E-879D-68C8F5F4FF70"
"RawrXD-AutoFixCLI.vcxproj","BD5E9CEF-8938-3E29-A2B8-31A655FB4E6F"
"RawrXD-Generate.vcxproj","E21A395B-4D0D-33BE-BEC0-4CF1C60238FF"
"RawrXD-GoldenRecoveryTests.vcxproj","1F1B198A-254E-3B81-A9CF-0B453F060E65"
"RawrXD-ModelAnalysisLib.vcxproj","8C819D70-EFD7-32B6-9C93-9A7B0DD00B95"
"RawrXD-ProductionBenchmark.vcxproj","7384A215-1B88-3F9D-BA0A-684E5DE15F18"
"src\reverse_engineering\RawrXD-RE-Library.vcxproj","143C1710-F639-30FC-868D-5741E27B3434"
"RawrXD-TpsSmoke.vcxproj","A1300DA1-CC7E-3F8C-ABD3-DA6437EA4246"
"RawrXD-Win32IDE.vcxproj","7D670BDC-617E-3FB4-BBCF-7AEE498AF772"
"RawrXD_Compression.vcxproj","3DB54ABE-C339-32BF-87DA-D37A16EAFCD5"
"RawrXD_DynamicPromptEngine.vcxproj","6C81F889-9B7F-34DD-9F89-5EAF99C5E45A"
"RawrXD_Gold.vcxproj","893C9E9E-35FD-3D88-9854-B634D92F7309"
"RawrXD_MultiWindow_Kernel.vcxproj","7461C23E-FC26-34A1-9875-713EDFFC1AD9"
"SwarmSmokeTest.vcxproj","A67DA3FE-CEA3-32CE-B138-7E59E69DB250"
"TestMASMInference.vcxproj","554E538E-290B-3FE3-9561-D9FAEBC3A7E8"
"ZERO_CHECK.vcxproj","262378C0-38AB-379B-9692-3569CC895ADB"
"agentic_orchestrator_smoke_test.vcxproj","1245EC38-7758-3D2A-BE95-E569C2DB0F2E"
"audit-registry.vcxproj","63417674-DCFB-3B2D-BBCE-19E3E0F33724"
"audit-registry-ci.vcxproj","668E88C8-5937-39A4-9184-EDCE4F0FEE44"
"b004_transformer_router_streaming_integration.vcxproj","D46348F5-FC80-3524-BA8C-7F1465E0F373"
"b004_transformer_router_streaming_integration_cpu.vcxproj","C995227C-4475-3BE4-8EE2-160C8AA998E5"
"b005_canonical_model_certification.vcxproj","9C56237A-79EB-3C89-9037-E7EA1068BD4F"
"b006_kv_cache_verification.vcxproj","2AF50FCA-4050-3508-8C4C-8BACE6147A5D"
"b007_performance_baseline.vcxproj","3679F2FB-5F36-3C7B-9ED1-F83794C00951"
"b009_batched_prefill_certification.vcxproj","6A97E5B1-43B9-30FE-ABBE-6436C4DE8693"
"b009_t128_certification.vcxproj","30F5EC33-7000-334B-A7C4-E48CE41A289C"
"b009_t128_instrumented.vcxproj","C57A19EC-ADE7-3CBC-B1C8-82DE40A79E3E"
"b009a_fast_validation.vcxproj","E7810647-3A73-306F-9440-ADED25932583"
"b010_b011_fast_experiment.vcxproj","E1A67339-1635-3628-986C-589AA1D44AE6"
"b010_weight_residency_profile.vcxproj","14C99AA3-B0AC-316A-8928-0EDD113F9064"
"b011_weight_residency_optimization.vcxproj","208D22AB-78DA-3B02-A767-82ACA849792F"
"b012_amortization_test.vcxproj","CFEA1E97-F4D8-3D0F-8B99-374BAED15C5C"
"b013_stability_test.vcxproj","D580DE98-A516-3814-9C5C-CDDA7039318C"
"b014_boundary_probe.vcxproj","69355517-8966-33D1-B0F7-8D85ABD57F44"
"b014_compute_decomposition.vcxproj","A47BF96C-7EC5-37DE-9A51-1735E60C3789"
"b014_lifetime_probe.vcxproj","3083293D-C647-316C-BD32-72EFE0F95B3D"
"b014_single_boundary.vcxproj","1B3109B1-FFBB-382F-8B09-D62A006C1008"
"b015_dequant_certification.vcxproj","40C8CBFC-DA85-3662-8A59-390D7B74EDB2"
"b015_pool_direct_test.vcxproj","0CF59484-4D9B-373C-8B47-874B09F59E44"
"b015_pool_microbench.vcxproj","A7B4ED81-F24E-3518-A5D8-1A3B435A9F28"
"b015_residency_validation.vcxproj","5A0DBE7B-AE53-3EDD-8D9B-65BE7D998741"
"b016_gemm_efficiency_probe.vcxproj","86A003E7-BCFB-3B92-A4F3-D7EA51617B2E"
"certification_harness.vcxproj","9030C538-94FC-3A76-8D5A-D53F27427B66"
"comprehensive_dual_gpu_test.vcxproj","9B49D181-A05E-3982-88C5-4A61B5B1800B"
"dual_gpu_smoke_test.vcxproj","674C6462-A325-3421-BF7D-E3B08688841E"
"enforce_no_scaffold.vcxproj","11C62883-9B8B-3F8E-92E3-0A3B88D84EAE"
"ev512_ide_gui_lifecycle_smoke.vcxproj","5F94E9D1-E200-33A3-A631-AC129B8D3D03"
"ev512_ide_restore_reload_fault_smoke.vcxproj","7C26914B-F83A-3507-85F7-5DE8A964F540"
"ev512_ide_workflow_smoke.vcxproj","E7ACDB04-975E-3253-BEA7-5B6F94851E4B"
"ev512_ops_remaining_smoke.vcxproj","0FE09B61-8D78-3EE0-A0BA-7431414344A3"
"fleet_gate.vcxproj","507E3CD6-0632-3660-BED9-BC335248D865"
"fwd_cert_001.vcxproj","59A9F781-292E-3840-B611-2727243CF708"
"generation_quality_gate.vcxproj","317BFDAD-ACC0-3497-BCB7-6D25CD21D3AF"
"gguf_inspector.vcxproj","C5EF7986-8B59-3FE0-9775-5AEE2D875758"
"hotpatch_e2e_test.vcxproj","60DF37C8-42D2-3E17-805C-91FC5FD72716"
"hotpatch_stress_test.vcxproj","6542177F-7B7D-3995-AD49-E6AA0FD08D53"
"k2_002_tensor_streaming.vcxproj","976A9586-3F39-31AF-8522-76C8C24D619A"
"k2_003_layer_execution.vcxproj","E1DA01F5-00D1-3D80-B2F3-6045805F5F5B"
"k2_003b_native_gemv_validation.vcxproj","9D616D23-712B-3A6B-877D-F185CE33328C"
"k2_003c_single_layer_forward.vcxproj","2384BB7A-27DD-37D3-98D1-EB4C0752E862"
"k2_004_bounded_multi_layer_prefill.vcxproj","4C36F233-A3B0-31BB-9E35-C7BCFDEFF85F"
"k2_004_bounded_prefill.vcxproj","674F3179-ED29-34F0-BAF9-6FEDCE26D783"
"k2_005_autoregressive_kv_cache.vcxproj","24A54A6F-BC04-3B3B-AAAA-9C07D411448B"
"k2_006_bounded_token_generation.vcxproj","2ECB0EC9-F189-3E66-B807-015FA6339DDA"
"k2_007_real_output_projection.vcxproj","36F7BC08-F595-36FB-828B-ACECB3D2B6D0"
"k2_007b_projection_logits_interface.vcxproj","B1213114-83E6-362D-8AD7-8CF114E1C130"
"k2_008_end_to_end_semantic_generation.vcxproj","32877F14-4CC4-3967-AACC-7842BCF8C948"
"k2_009_token_embedding_lookup.vcxproj","E872C8E4-4BD0-381E-9208-961B39494A1E"
"k2_native_smoke_test.vcxproj","16705541-2996-3808-864A-07544DDC8E64"
"k2_runtime_validation.vcxproj","BC0EF4D6-2129-3388-94CF-A2A267393BF5"
"masm_kernels.vcxproj","E27DCF3D-60CC-3934-817F-5DCFD7791525"
"mla_cert_001.vcxproj","CA467892-701B-38EF-93D7-0377FB0E9041"
"native_toolchain_cert.vcxproj","5B0978EE-28DE-33D7-A37E-8ACCBE69E7A9"
"p1_cpu_loadmodel_harness.vcxproj","DF387485-092E-35B7-ADC4-A1EF0F282DBD"
"q4_preprocessed_avx512.vcxproj","709B4653-BB0E-3BE8-B0C8-70173A0F0D03"
"quickjs_static.vcxproj","FC7A907D-DA02-3BD3-BA37-5C58F8D04B17"
"rawr.vcxproj","F5BE63C0-CD22-37A9-AB92-BECD1A71EF1B"
"rawr-server.vcxproj","9ADA4E51-AC9D-3AFE-91EF-5D218AAFEC26"
"rawr_product_pipe_x64_asm.vcxproj","1E4D4529-82F6-3785-A55D-7C2657E6D3F1"
"rawr_product_x64_asm.vcxproj","33F6A2B4-8268-34E8-800B-9480DF6823D0"
"rawr_shape_legal_asm.vcxproj","5E177194-D6FD-3D54-9E47-D3DD46F5609C"
"rawr_term_x64_asm.vcxproj","ED8E3397-FD5A-36E6-B649-EF4734487D2B"
"rawrxd.vcxproj","37A16931-05FC-3192-9569-0F5C55CC51E4"
"rawrxd-matmul-spv.vcxproj","55265E44-5C91-3274-896F-60B6F9EF215A"
"rawrxd-test-spv.vcxproj","B0172609-166C-342D-9199-070FD00E085B"
"src\ceo\rawrxd_ceo.vcxproj","3F9E2D04-06CE-3D09-849A-6921E2D95037"
"src\ceo\rawrxd_ceo_cli.vcxproj","6FBCE8DF-193F-36AC-A6E6-43922818A249"
"rawrxd_real_gguf_parity.vcxproj","736A83DC-7392-3816-9B4E-1129D9CAA1B7"
"src\repository\rawrxd_repository.vcxproj","BDF0157F-4FE8-3839-9424-217EC6EB1900"
"rawrxd_run_modelname_001.vcxproj","2F6A6C95-2BBE-3A3E-8728-505E097657CA"
"rawrxd_writer_lease.vcxproj","0FBC9061-C65E-38D0-A86B-387BB1A159CC"
"src\reverse_engineering\re_deobfuscator.vcxproj","7B92B521-13AE-314B-8075-7190BE18ED77"
"src\reverse_engineering\re_model_reverse.vcxproj","95707F03-3A08-3A47-8BE3-2AAD18505914"
"regen-ssot-beacons.vcxproj","A71DDE70-ED1E-360B-8244-4510188078D6"
"residency_ab_cert.vcxproj","989CF7EE-3942-3D0A-B53D-77A00A2ABADD"
"rguf_source\rguf.vcxproj","660AC433-7E60-3C70-BA43-683199EB4685"
"rguf_source\rguf_tool.vcxproj","21AF8E4D-5406-358F-981E-B7E76C9CC4E9"
"self_test_gate.vcxproj","B8225660-D37D-34BC-860F-A1C6F267A75A"
"single_writer_adversarial_test.vcxproj","7EBB2934-A82B-34A0-9E1F-22BE9FD66BB0"
"smoke_k3c_e2e.vcxproj","89F4C4B7-2050-37BB-BAEB-100689821D53"
"test_attn_out_bisect.vcxproj","7D094E56-4F65-3524-90D5-319D2997240E"
"test_autonomous_pipeline.vcxproj","AA86945D-59E1-3CBC-9EAF-05121B2625A6"
"test_embed_parity.vcxproj","D6850FA5-D2E2-31AB-BF9A-A2DFD5EB0402"
"test_gguf_metadata_bounds.vcxproj","00F240F1-677A-3D8B-9137-800F89E35927"
"test_gguf_tensor_bounds.vcxproj","070B74B7-2CE5-3CAC-A23C-EE9D9E03163F"
"test_gguf_tokenizer_bounds.vcxproj","4C18C30A-74E5-3B2E-BBE9-37A383CAA75B"
"test_llama_native.vcxproj","C3F885B3-E0E2-3E4D-A83D-8CEDBE2FB0DB"
"test_o_proj_gemv.vcxproj","DC315DA2-0B3C-34E6-8F6B-204D64E6579A"
"test_o_proj_mulmat_002.vcxproj","925406E1-E0A0-3CD3-914C-826E613AD260"
"test_omega1_bridge.vcxproj","2FDBEAE5-37A2-3D2C-BBE4-07E175E355C0"
"test_parseheader_bounds.vcxproj","5D94F9F5-4F0B-3170-9B80-B71C3A9C7651"
"test_parseheader_fuzz.vcxproj","14962185-8384-330C-AE45-984FDCD12080"
"test_q2k_single_tensor_oracle.vcxproj","5443DC5E-55F1-3C21-B24F-66DA3BA7D602"
"test_q4k_decoder.vcxproj","15B65615-7599-380E-8798-F3B0D9B1FFB3"
"test_tokenizer.vcxproj","D98047CC-6EC9-31BF-B751-E11A3A9683E8"
"test_v_proj_parity.vcxproj","2B71016A-F555-35EA-B8CD-EF1EC0B6F9F1"
"tree_attention_masm_val038.vcxproj","8299B1B1-B6FE-3834-93F2-ABC1FBBA3A90"
"val_051_2_a_real_token.vcxproj","087198ED-F2BE-3F66-BB90-33B986023982"
"val_051_5_32_token_kv_stability.vcxproj","3267FCF8-A670-3224-94EA-5AC745C8DF09"
"val_051_6_15_token_kv.vcxproj","A09DC03B-A63F-37E3-8B65-8A64C191F3ED"
"val_051_7_residency_baseline.vcxproj","DC689F30-E90D-3FF6-8A26-53A867A1574C"
"validate_registry.vcxproj","F21E225A-5066-3AC0-B2C3-18EBFEC7D719"
"validate_registry_strict.vcxproj","70839613-1825-347C-A239-14582D9E0AFC"
"validate_val051_evidence.vcxproj","3CD0BF35-A003-3A8D-9592-7FD32E0A56D7"
"verify-ssot-ext-ownership.vcxproj","628EA699-13C3-3A07-935D-754BB345EDF0"
"witness_system_test.vcxproj","B3FDAC2A-422B-3106-8351-E38AC86ECCBD"
