"Line","Path"
"135","src/win32app/HeadlessIDE_FileAliases.cpp"
"142","src/ui/RawrXD_MainLoop.cpp"
"149","src/ui/agentic_bridge.cpp"
"156","src/win32app/Win32IDE.cpp"
"163","src/win32app/Win32IDE_CoreRuntimeSpine.cpp"
"170","src/win32app/Win32IDE_CommandSurface.cpp"
"177","src/win32app/Win32IDE_VSCodeUI.cpp"
"184","src/win32app/Win32IDE_WindowOwnership.cpp"
"191","src/win32app/Win32IDE_Accelerators.cpp"
"198","src/win32app/IV280Bridge.cpp"
"205","src/win32app/IMultiFileSearchWidget.cpp"
"212","src/win32app/BenchmarkMenu.cpp"
"219","src/win32app/WindowManager.cpp"
"226","src/win32app/EditorOperations.cpp"
"233","src/win32app/RouterOperations.cpp"
"240","src/win32app/Win32IDE_VisionEncoder.cpp"
"247","src/win32app/Win32IDE_Themes.cpp"
"254","src/win32app/Win32IDE_Debugger.cpp"
"261","src/win32app/Win32IDE_AutonomousDebugger.cpp"
"268","src/win32app/Win32IDE_Annotations.cpp"
"275","src/win32app/Win32IDE_ReverseEngineering.cpp"
"282","src/win32app/Win32IDE_AgentCommands.cpp"
"289","src/win32app/Win32IDE_AutonomousCommunicator.cpp"
"296","src/win32app/Win32IDE_AgenticComposerUX.cpp"
"303","src/win32app/Win32IDE_ContextMentionParser.cpp"
"310","src/win32app/Win32IDE_UnifiedTelemetry.cpp"
"317","src/win32app/Win32IDE_Autonomy.cpp"
"324","src/win32app/Win32IDE_PowerShell.cpp"
"331","src/win32app/Win32IDE_PowerShellPanel.cpp"
"338","src/win32app/Win32IDE_CommandFlight.cpp"
"345","src/win32app/Win32IDE_MenuE2eProbe.cpp"
"352","src/win32app/Win32IDE_GGUFInspector.cpp"
"359","src/win32app/Win32IDE_DecompilerView.cpp"
"366","src/win32app/Win32IDE_NativePipeline.cpp"
"373","src/win32app/Win32IDE_ModelAnatomy.cpp"
"380","src/win32app/Win32IDE_FeatureManifest.cpp"
"387","src/win32app/Win32IDE_OutlinePanel.cpp"
"394","src/win32app/Win32IDE_RenamePreview.cpp"
"401","src/win32app/Win32IDE_Tier2Cosmetics.cpp"
"408","src/win32app/Win32IDE_Tier1Cosmetics.cpp"
"415","src/win32app/Win32IDE_Breadcrumbs.cpp"
"422","src/win32app/Win32IDE_PlanExecutor.cpp"
"429","src/win32app/Win32IDE_AgenticPlanningPanel.cpp"
"436","src/win32app/Win32IDE_FailureDetector.cpp"
"443","src/win32app/Win32IDE_FailureIntelligence.cpp"
"450","src/win32app/Win32IDE_LocalServer.cpp"
"457","src/win32app/Win32IDE_BackendSwitcher.cpp"
"464","src/security/ProviderKeyStore.cpp"
"471","src/security/ProviderKeyStore_get.cpp"
"478","src/security/ProviderKeyStore_misc.cpp"
"485","src/win32app/Win32IDE_AIBackend.cpp"
"492","src/win32app/Win32IDE_LLMRouter.cpp"
"499","src/win32app/Win32IDE_PeekOverlay.cpp"
"506","src/win32app/Win32IDE_CaretAnimation.cpp"
"513","src/win32app/Win32IDE_ModelDiscovery.cpp"
"520","src/win32app/Win32IDE_SwarmModelSelector.cpp"
"527","src/win32app/Win32IDE_AsmSemantic.cpp"
"534","src/win32app/Win32IDE_MultiResponse.cpp"
"541","src/win32app/Win32IDE_ExecutionGovernor.cpp"
"548","src/win32app/Win32IDE_LayerEviction.cpp"
"555","src/win32app/Win32IDE_SubAgent.cpp"
"562","src/win32app/Win32IDE_AgentHistory.cpp"
"569","src/win32app/Win32IDE_DiskRecovery.cpp"
"576","src/win32app/Win32TerminalManager.cpp"
"583","src/win32app/TransparentRenderer.cpp"
"590","src/plugin_system/win32_plugin_loader.cpp"
"597","src/win32app/Win32IDE_Plugins.cpp"
"604","src/win32app/Win32IDE_HandleExtensionCommand.cpp"
"611","src/kernels/rdna3/RDNA3_GpuDispatcher.cpp"
"618","src/rdna3_bridge.cpp"
"625","src/llm_adapter/rawrxd_ggufrunner_signals.cpp"
"632","src/spengine_bridge.cpp"
"639","src/win32app/Win32IDE_SemanticIndex.cpp"
"646","src/runtime_core.cpp"
"653","src/utils/ErrorReporter.cpp"
"660","src/modules/engine_manager.cpp"
"667","src/win32app/Win32IDE_SwarmPanel.cpp"
"674","src/win32app/Win32IDE_DualAgentPanel.cpp"
"681","src/win32app/Win32IDE_NativeDebugPanel.cpp"
"688","src/win32app/Win32IDE_HotpatchPanel.cpp"
"695","src/modules/vsix_loader_win32.cpp"
"702","src/modules/codex_ultimate.cpp"
"709","src/modules/vscode_extension_api.cpp"
"716","src/win32app/Win32IDE_VSCodeExtAPI.cpp"
"723","src/win32app/Win32IDE_WebView2.cpp"
"730","src/win32app/AgenticBrowserLayer.cpp"
"737","src/win32app/Win32IDE_AgenticBrowser.cpp"
"744","src/win32app/Win32IDE_MonacoThemes.cpp"
"751","src/lsp/RawrXD_LSPServer.cpp"
"758","src/lsp/lsp_hotpatch_bridge.cpp"
"765","src/lsp/hotpatch_symbol_provider.cpp"
"772","src/lsp/gguf_diagnostic_provider.cpp"
"779","src/win32app/Win32IDE_PDBSymbols.cpp"
"786","src/win32app/Win32IDE_AuditDashboard.cpp"
"793","src/win32app/Win32IDE_Gauntlet.cpp"
"800","src/win32app/Win32IDE_VoiceChat.cpp"
"807","src/win32app/Win32IDE_VoiceAutomation.cpp"
"814","src/win32app/Win32IDE_QuickWins.cpp"
"821","src/model_trainer.cpp"
"828","src/modules/autonomous_agentic_orchestrator.cpp"
"835","src/win32app/v280_link_bridge.cpp"
"842","src/win32app/Win32IDE_Telemetry.cpp"
"849","src/mcp_integration.cpp"
"856","src/win32app/Win32IDE_FlightRecorder.cpp"
"863","src/modules/quickjs_extension_host.cpp"
"870","src/modules/quickjs_vscode_bindings.cpp"
"877","src/win32app/Win32IDE_Instructions.cpp"
"884","src/modules/unity_engine_integration.cpp"
"891","src/modules/unreal_engine_integration.cpp"
"898","src/modules/game_engine_manager.cpp"
"905","src/win32app/Win32IDE_GameEnginePanel.cpp"
"912","src/modules/crucible_engine.cpp"
"919","src/win32app/Win32IDE_CruciblePanel.cpp"
"926","src/modules/copilot_gap_closer.cpp"
"933","src/win32app/Win32IDE_CopilotGapPanel.cpp"
"940","src/win32app/Win32IDE_PipelinePanel.cpp"
"947","src/win32app/Win32IDE_HotpatchCtrlPanel.cpp"
"954","src/win32app/Win32IDE_StaticAnalysisPanel.cpp"
"961","src/win32app/Win32IDE_ProblemsPanel.cpp"
"968","src/win32app/Win32IDE_SecurityScans.cpp"
"975","src/win32app/Win32IDE_AgentStreamingBridge.cpp"
"982","src/win32app/Win32IDE_SemanticPanel.cpp"
"989","src/win32app/Win32IDE_TelemetryPanel.cpp"
"996","src/win32app/Win32IDE_Tier3Polish.cpp"
"1003","src/win32app/Win32IDE_Tier3Cosmetics.cpp"
"1010","src/win32app/Win32IDE_Tier5Cosmetics.cpp"
"1017","src/win32app/Win32IDE_CrashReporter.cpp"
"1024","src/win32app/Win32IDE_ColorPicker.cpp"
"1031","src/win32app/Win32IDE_EmojiSupport.cpp"
"1038","src/win32app/Win32IDE_ShortcutEditor.cpp"
"1045","src/win32app/Win32IDE_TelemetryDashboard.cpp"
"1052","src/win32app/Win32IDE_MarketplacePanel.cpp"
"1059","src/win32app/Win32IDE_Collab.cpp"
"1066","src/win32app/Win32IDE_IRCBridge.cpp"
"1073","src/win32app/Win32IDE_IRCBridgeCommands.cpp"
"1080","src/win32app/Win32IDE_TestExplorerTree.cpp"
"1087","src/win32app/Win32IDE_NetworkPanel.cpp"
"1094","src/win32app/VulkanRenderer.cpp"
"1101","src/win32app/OSExplorerInterceptor.cpp"
"1108","src/win32app/TodoManager.cpp"
"1115","src/win32app/IocpFileWatcher.cpp"
"1122","src/win32app/IDEDiagnosticAutoHealer.cpp"
"1129","src/win32app/ConsentPrompt.cpp"
"1136","src/win32app/AutonomousAgent.cpp"
"1143","src/win32app/Win32IDE_CursorParity.cpp"
"1150","src/win32app/Win32IDE_GUILayoutHotpatch.cpp"
"1157","src/win32app/Win32IDE_Tasks.cpp"
"1164","src/win32app/Win32IDE_Refactor.cpp"
"1171","src/win32app/Win32IDE_FuzzySearch.cpp"
"1178","src/win32app/Win32IDE_Minimap.cpp"
"1185","src/win32app/Win32IDE_DiffView.cpp"
"1192","src/win32app/Win32IDE_CodeLens.cpp"
"1199","src/win32app/Win32IDE_InlayHints.cpp"
"1206","src/win32app/Win32IDE_HoverTooltips.cpp"
"1213","src/win32app/Win32IDE_ProvableAgent.cpp"
"1220","src/win32app/Win32IDE_AIReverseEngineering.cpp"
"1227","src/win32app/Win32IDE_AirgappedEnterprise.cpp"
"1234","src/win32app/Win32IDE_FlagshipFeatures.cpp"
"1241","src/project_context.cpp"
"1248","src/universal_model_router.cpp"
"1255","src/model_registry.cpp"
"1262","src/ui/interpretability_panel.cpp"
"1269","src/real_time_completion_engine.cpp"
"1276","src/LanguageServerIntegration.cpp"
"1283","src/interpretability_panel_enhanced.cpp"
"1290","src/plan_orchestrator.cpp"
"1297","src/tool_registry_advanced.cpp"
"1304","src/lsp_client.cpp"
"1311","src/intelligent_codebase_engine.cpp"
"1318","src/win32app/feature_registry_panel.cpp"
"1325","src/ui/monaco_settings_dialog.cpp"
"1332","src/thermal/RAWRXD_ThermalDashboard.cpp"
"1339","src/win32app/VSCodeMarketplaceAPI.cpp"
"1346","src/multi_file_search.cpp"
"1353","src/win32app/Win32IDE_LicenseCreator.cpp"
"1360","src/win32app/Win32IDE_PeekView.cpp"
"1367","src/win32app/Win32IDE_SnippetEngine.cpp"
"1374","src/win32app/Win32IDE_MultiCursor.cpp"
"1381","src/win32app/ai_workers_queue.cpp"
"1388","src/ui/ImportBridge.cpp"
"1395","src/ui/ExportBridge.cpp"
"1402","src/terminal/embedded_terminal.cpp"
"1409","src/win32app/Win32IDE_HexMagCopilotRoute.cpp"
"1416","src/win32app/Win32IDE_TranscendencePanel.cpp"
"1423","src/win32app/Win32IDE_AutonomousAgent.cpp"
"1430","src/win32app/Win32IDE_ChatMessageRenderer.cpp"
"1437","src/win32app/Win32IDE_ToolActionStatus.cpp"
"1444","src/win32app/Win32IDE_VulkanRenderer.cpp"
"1451","src/win32app/Win32IDE_OSExplorerInterceptor.cpp"
"1458","src/win32app/Win32IDE_IOCPFileWatcher.cpp"
"1465","src/win32app/Win32IDE_IDEDiagnosticAutoHealer.cpp"
"1472","src/win32app/Win32IDE_ConsentPrompt.cpp"
"1479","src/win32app/Win32IDE_PerfTelemetry.cpp"
"1486","src/win32app/Win32IDE_UpdateSignature.cpp"
"1493","src/win32app/Win32IDE_PluginSignature.cpp"
"1500","src/win32app/Win32IDE_EnterpriseStressTests.cpp"
"1507","src/win32app/Win32IDE_SQLite3Core.cpp"
"1514","src/win32app/Win32IDE_TelemetryExport.cpp"
"1521","src/win32app/Win32IDE_RefactoringPlugin.cpp"
"1528","src/win32app/Win32IDE_LanguagePlugin.cpp"
"1535","src/win32app/Win32IDE_ResourceGenerator.cpp"
"1542","src/memory/UnifiedMemoryPool.cpp"
"1549","src/sovereign/spine/ExecutionSpine.cpp"
"1556","src/sovereign/build/BuildStateGraph.cpp"
"1563","src/sovereign/ide/SovereignIDEIntegration.cpp"
"1570","src/sovereign/terminal/TerminalOwnership.cpp"
"1577","src/sovereign/bus/CapabilityBus.cpp"
"1584","src/sovereign/bus/BeaconBus.cpp"
"1591","src/sovereign/awareness/SystemAwareness.cpp"
"1598","src/sovereign/validator/RealityValidator.cpp"
"1605","src/sovereign/recovery/AutonomousRecovery.cpp"
"1612","src/sovereign/control/SovereignControlPlane.cpp"
"1619","src/sovereign/compression/IntentCompression.cpp"
"1626","src/sovereign/capsule/ExecutionCapsule.cpp"
"1633","src/sovereign_autonomy/SovereignBlackboard.cpp"
"1641","src/sovereign_autonomy/SovereignTaskGraph.cpp"
"1648","src/sovereign_autonomy/SovereignMissionPlanner.cpp"
"1655","src/sovereign_autonomy/SovereignReflectionEngine.cpp"
"1662","src/sovereign_autonomy/SovereignCritic.cpp"
"1669","src/sovereign_autonomy/SovereignAgentRuntime.cpp"
"1676","src/win32ide/Omega1IPCClient.cpp"
"1683","src/win32ide/GhostTextRenderer.cpp"
"1690","src/win32ide/StatusBarTelemetry.cpp"
"1697","src/win32ide/Omega1IDEIntegration.cpp"
"1704","src/win32ide/Win32IDE_Omega1Integration.cpp"
