PATH	AREA	EXISTS	DISPOSITION
src/res/Resource.rc	src/res	1	IMPLEMENT
src/win32app/RawrXD-Win32IDE.rc	src/win32app	1	IMPLEMENT
src/x.cpp	src/x.cpp	1	GRAPH_RESTORED_EMPTY
src/config/IDEConfig.h	src/config	1	IMPLEMENT
tests/b009/b009_b_batched_gemm.cpp	tests/b009	1	GRAPH_RESTORED_EMPTY
src/deep2/GGUFLoader.cpp	src/deep2	1	IMPLEMENT
include/nlohmann/json.hpp	include/nlohmann	1	IMPLEMENT
include/nlohmann/json_fwd.hpp	include/nlohmann	1	IMPLEMENT
src/core/json_instantiations.cpp	src/core	1	IMPLEMENT
src/asm/RawrXD_IPC_Dispatcher.asm	src/asm	1	IMPLEMENT
src/asm/RawrXD_Disasm_Kernel.asm	src/asm	1	IMPLEMENT
src/win32app/cli_main_headless.cpp	src/win32app	1	IMPLEMENT
src/browser/CdpTransport.cpp	src/browser	1	IMPLEMENT
src/browser/BrowserSession.cpp	src/browser	1	IMPLEMENT
src/browser/BrowserAuthority.cpp	src/browser	1	IMPLEMENT
src/modules/engine_manager.cpp	src/modules	1	GRAPH_RESTORED_EMPTY
src/win32app/HeadlessIDE_FileAliases.cpp	src/win32app	1	GRAPH_RESTORED_EMPTY
src/asm/rawr_cpu_features.asm	src/asm	1	IMPLEMENT
src/cli/rawrxd_cli_link_shims.cpp	src/cli	1	IMPLEMENT
src/rawrxd_link_stubs.cpp	src/rawrxd_link_stubs.cpp	1	GRAPH_RESTORED_EMPTY
src/core/link_stubs.cpp	src/core	1	IMPLEMENT
src/rawrxd_inference.cpp	src/rawrxd_inference.cpp	1	IMPLEMENT
src/rawrxd_model_loader.cpp	src/rawrxd_model_loader.cpp	1	IMPLEMENT
src/rawrxd_tokenizer.cpp	src/rawrxd_tokenizer.cpp	1	IMPLEMENT
src/rawrxd_transformer.cpp	src/rawrxd_transformer.cpp	1	IMPLEMENT
src/rawrxd_cpu_math.cpp	src/rawrxd_cpu_math.cpp	1	IMPLEMENT
src/rawrxd_sampler.cpp	src/rawrxd_sampler.cpp	1	IMPLEMENT
src/gguf_loader.cpp	src/gguf_loader.cpp	1	IMPLEMENT
src/gguf_vocab_resolver.cpp	src/gguf_vocab_resolver.cpp	1	IMPLEMENT
src/core/swarm_scheduler.cpp	src/core	1	IMPLEMENT
src/core/gguf_swarm_plan_builder.cpp	src/core	1	IMPLEMENT
src/core/inference_witness.cpp	src/core	1	IMPLEMENT
src/core/execution_governor.cpp	src/core	1	IMPLEMENT
src/core/agent_safety_contract.cpp	src/core	1	IMPLEMENT
src/core/deterministic_replay.cpp	src/core	1	IMPLEMENT
src/core/confidence_gate.cpp	src/core	1	IMPLEMENT
src/core/universal_model_hotpatcher.cpp	src/core	1	IMPLEMENT
src/core/instructions_provider.cpp	src/core	1	IMPLEMENT
src/core/enterprise_license.cpp	src/core	1	IMPLEMENT
src/core/enterprise_license_v2.cpp	src/core	1	IMPLEMENT
src/core/license_anti_tampering.cpp	src/core	1	IMPLEMENT
src/core/agentic_autonomous_config.cpp	src/core	1	IMPLEMENT
src/logging/Logger.cpp	src/logging	1	IMPLEMENT
src/runtime/TensorExecutionRouter.cpp	src/runtime	1	IMPLEMENT
src/runtime/StreamRouterAdapter.cpp	src/runtime	1	IMPLEMENT
src/backend/VulkanGemmDispatcher.cpp	src/backend	1	IMPLEMENT
src/vulkan_compute.cpp	src/vulkan_compute.cpp	1	IMPLEMENT
src/runtime/shared/BP1BraidStreamer.cpp	src/runtime	1	IMPLEMENT
src/runtime/memory/CapacityManager.cpp	src/runtime	1	IMPLEMENT
src/runtime/memory/ResidencyTracker.cpp	src/runtime	1	IMPLEMENT
src/runtime/memory/TensorPlacementManager.cpp	src/runtime	1	IMPLEMENT
src/runtime/memory/TransferScheduler.cpp	src/runtime	1	IMPLEMENT
src/runtime/memory/PredictiveMemoryManager.cpp	src/runtime	1	IMPLEMENT
src/runtime/memory/WorkingSetPredictor.cpp	src/runtime	1	IMPLEMENT
src/inference/NegativeSpaceProfiler.cpp	src/inference	1	IMPLEMENT
src/cli/swarm_orchestrator.cpp	src/cli	1	IMPLEMENT
src/full_agentic_ide/AgenticIOCPBridge.cpp	src/full_agentic_ide	1	GRAPH_RESTORED_EMPTY
src/full_agentic_ide/AgenticPlanningOrchestrator.cpp	src/full_agentic_ide	1	GRAPH_RESTORED_EMPTY
src/full_agentic_ide/FullAgenticIDE.cpp	src/full_agentic_ide	1	GRAPH_RESTORED_EMPTY
src/agentic/FIMPromptBuilder.cpp	src/agentic	1	IMPLEMENT
src/model_source_resolver.cpp	src/model_source_resolver.cpp	1	IMPLEMENT
src/modules/codex_ultimate.cpp	src/modules	1	GRAPH_RESTORED_EMPTY
src/lsp/RawrXD_LSPServer.cpp	src/lsp	1	GRAPH_RESTORED_EMPTY
src/win32app/Win32IDE_LSPServer.cpp	src/win32app	1	IMPLEMENT
src/config/ide_project_config.cpp	src/config	1	IMPLEMENT
src/core/chain_of_thought_engine.cpp	src/core	1	IMPLEMENT
src/core/enterprise_telemetry_compliance.cpp	src/core	1	IMPLEMENT
src/core/enterprise_licensev2_impl.cpp	src/core	1	IMPLEMENT
src/cli/rawrxd_deep_stubs.cpp	src/cli	1	IMPLEMENT
src/agent/autonomous_subagent.cpp	src/agent	1	IMPLEMENT
src/agent/agentic_failure_detector.cpp	src/agent	1	IMPLEMENT
src/agent/agentic_puppeteer.cpp	src/agent	1	IMPLEMENT
src/agent/autonomous_orchestrator.cpp	src/agent	1	IMPLEMENT
src/agent/orchestrator_cli_handler.cpp	src/agent	1	IMPLEMENT
src/serve/rawrxd_serve_main.cpp	src/serve	1	IMPLEMENT
src/serve/rawrxd_serve.cpp	src/serve	1	GRAPH_RESTORED_EMPTY
src/serve/rawrxd_model_registry.cpp	src/serve	1	GRAPH_RESTORED_EMPTY
src/serve/rawrxd_serve_inference_plugin.cpp	src/serve	1	GRAPH_RESTORED_EMPTY
src/serve/inference_plugin_backend.cpp	src/serve	1	GRAPH_RESTORED_EMPTY
src/serve/rawrxd_pipe_server.cpp	src/serve	1	GRAPH_RESTORED_EMPTY
src/serve/rawrxd_pipe_server_stubs.cpp	src/serve	1	GRAPH_RESTORED_EMPTY
src/gpu_enforcement.cpp	src/gpu_enforcement.cpp	1	IMPLEMENT
tests/bp1_smoke_test.cpp	tests/bp1_smoke_test.cpp	1	IMPLEMENT
tests/vulkan_compute_diagnostic.cpp	tests/vulkan_compute_diagnostic.cpp	1	IMPLEMENT
tests/vulkan_tensor_upload_test.cpp	tests/vulkan_tensor_upload_test.cpp	1	IMPLEMENT
tests/vulkan_gemm_test.cpp	tests/vulkan_gemm_test.cpp	1	IMPLEMENT
tests/vulkan_gemv_isolated_test.cpp	tests/vulkan_gemv_isolated_test.cpp	1	IMPLEMENT
tests/vulkan_real_gemm_test.cpp	tests/vulkan_real_gemm_test.cpp	1	IMPLEMENT
tests/vulkan_transformer_gemm_test.cpp	tests/vulkan_transformer_gemm_test.cpp	1	IMPLEMENT
tests/elastic_path_validation_test.cpp	tests/elastic_path_validation_test.cpp	1	IMPLEMENT
tests/fused_qkv_gguf_validation.cpp	tests/fused_qkv_gguf_validation.cpp	1	IMPLEMENT
tests/val_051_2_a_real_token.cpp	tests/val_051_2_a_real_token.cpp	1	IMPLEMENT
src/tokenizer/gguf_embedded_tokenizer.cpp	src/tokenizer	1	IMPLEMENT
tools/p1_cpu_loadmodel_harness.cpp	tools/p1_cpu_loadmodel_harness.cpp	1	IMPLEMENT
tests/val_051_5_32_token_kv_stability.cpp	tests/val_051_5_32_token_kv_stability.cpp	1	IMPLEMENT
tests/val_051_6_15_token_kv.cpp	tests/val_051_6_15_token_kv.cpp	1	IMPLEMENT
tests/val_051_7_residency_baseline.cpp	tests/val_051_7_residency_baseline.cpp	1	IMPLEMENT
tests/residency_ab_cert.cpp	tests/residency_ab_cert.cpp	1	IMPLEMENT
tools/deep2_expert_control_plane_cert.cpp	tools/deep2_expert_control_plane_cert.cpp	1	IMPLEMENT
tests/fleet_gate.cpp	tests/fleet_gate.cpp	1	IMPLEMENT
tests/validate_val051_evidence.cpp	tests/validate_val051_evidence.cpp	1	IMPLEMENT
tests/test_gguf_tokenizer_bounds.cpp	tests/test_gguf_tokenizer_bounds.cpp	1	IMPLEMENT
tests/test_parseheader_bounds.cpp	tests/test_parseheader_bounds.cpp	1	IMPLEMENT
tests/test_parseheader_fuzz.cpp	tests/test_parseheader_fuzz.cpp	1	IMPLEMENT
tests/test_gguf_metadata_bounds.cpp	tests/test_gguf_metadata_bounds.cpp	1	IMPLEMENT
tests/test_gguf_tensor_bounds.cpp	tests/test_gguf_tensor_bounds.cpp	1	IMPLEMENT
tests/dual_gpu_smoke_test.cpp	tests/dual_gpu_smoke_test.cpp	1	IMPLEMENT
tools/gguf_inspector.cpp	tools/gguf_inspector.cpp	1	IMPLEMENT
tests/comprehensive_dual_gpu_test.cpp	tests/comprehensive_dual_gpu_test.cpp	1	IMPLEMENT
tests/test_omega1_bridge.cpp	tests/test_omega1_bridge.cpp	1	IMPLEMENT
src/deep2/Deep2Engine_RouterSmokeTest.cpp	src/deep2	1	IMPLEMENT
src/deep2/MoERouter.cpp	src/deep2	1	IMPLEMENT
src/deep2/test_gguf_alignment_diagnostic.cpp	src/deep2	1	IMPLEMENT
src/asm/rawr_globals.asm	src/asm	1	IMPLEMENT
src/asm/inference_core.asm	src/asm	1	IMPLEMENT
src/asm/FlashAttention_AVX512.asm	src/asm	1	IMPLEMENT
src/asm/quant_avx2.asm	src/asm	1	IMPLEMENT
src/asm/RawrXD_KQuant_Dequant.asm	src/asm	1	IMPLEMENT
src/asm/RawrXD_AVX512_Dequant_BPE.asm	src/asm	1	IMPLEMENT
src/asm/RawrXD_PDBKernel_v3.asm	src/asm	1	IMPLEMENT
src/asm/RawrXD_ModuleEngine.asm	src/asm	1	IMPLEMENT
src/asm/request_patch.asm	src/asm	1	IMPLEMENT
src/asm/inference_kernels.asm	src/asm	1	IMPLEMENT
src/asm/model_bridge_x64.asm	src/asm	1	IMPLEMENT
src/asm/model_streamer_x64.asm	src/asm	1	IMPLEMENT
src/asm/RawrXD_DualAgent_Orchestrator.asm	src/asm	1	IMPLEMENT
src/asm/RawrXD_DiskRecoveryAgent.asm	src/asm	1	IMPLEMENT
src/asm/disk_recovery_scsi.asm	src/asm	1	IMPLEMENT
src/asm/RawrXD-AnalyzerDistiller.asm	src/asm	1	IMPLEMENT
src/asm/RawrXD-StreamingOrchestrator.asm	src/asm	1	IMPLEMENT
src/asm/RawrXD_Telemetry_Kernel.asm	src/asm	1	IMPLEMENT
src/asm/RawrXD_Prometheus_Exporter.asm	src/asm	1	IMPLEMENT
src/asm/RawrXD_SelfPatch_Agent.asm	src/asm	1	IMPLEMENT
src/asm/RawrXD_SourceEdit_Kernel.asm	src/asm	1	IMPLEMENT
src/asm/feature_dispatch_bridge.asm	src/asm	1	IMPLEMENT
src/asm/gui_dispatch_bridge.asm	src/asm	1	IMPLEMENT
src/asm/VulkanKernel_DispatchRaw.asm	src/asm	1	IMPLEMENT
src/asm/RawrXD_CopilotGapCloser.asm	src/asm	1	IMPLEMENT
src/asm/native_speed_kernels.asm	src/asm	1	IMPLEMENT
src/asm/DirectML_Bridge.asm	src/asm	1	IMPLEMENT
src/asm/RawrXD_Hotpatch_Kernel.asm	src/asm	1	IMPLEMENT
src/asm/RawrXD_Snapshot.asm	src/asm	1	IMPLEMENT
src/asm/RawrXD_Pyre_Compute.asm	src/asm	1	IMPLEMENT
src/masm/rawrxd_math_masm.asm	src/masm	1	IMPLEMENT
src/masm/rawrxd_transformer_masm_fixed.asm	src/masm	1	IMPLEMENT
src/masm/rawrxd_transformer_full.asm	src/masm	1	IMPLEMENT
src/asm/Sovereign_KernelBridge_MASM.asm	src/asm	1	IMPLEMENT
src/asm/vision_projection_kernel.asm	src/asm	1	IMPLEMENT
src/asm/quantum_beaconism_backend.asm	src/asm	1	IMPLEMENT
src/asm/RawrXD_DualEngine_QuantumBeacon.asm	src/asm	1	IMPLEMENT
src/asm/RawrXD_DualEngine_Pure.asm	src/asm	1	IMPLEMENT
src/asm/RawrXD_OverclockGov_Pure.asm	src/asm	1	IMPLEMENT
src/asm/RawrXD_Emitter_v1.asm	src/asm	1	IMPLEMENT
src/asm/RawrXD_AuditSystem_Pure.asm	src/asm	1	IMPLEMENT
src/asm/Advanced_Code_Deobfuscator.asm	src/asm	1	IMPLEMENT
src/asm/Code_Pattern_Reconstructor.asm	src/asm	1	IMPLEMENT
src/asm/agentic_deep_thinking_kernels.asm	src/asm	1	IMPLEMENT
src/deep2/sovereign_deep2_kernels.asm	src/deep2	1	IMPLEMENT
src/deep2/sovereign_q4k_gemv.asm	src/deep2	1	IMPLEMENT
src/deep2/sovereign_q4k_gemv_v2.asm	src/deep2	1	IMPLEMENT
src/deep2/sovereign_q2k_gemv_v2.asm	src/deep2	1	IMPLEMENT
src/deep2/sovereign_q3k_gemv_v2.asm	src/deep2	1	IMPLEMENT
src/deep2/sovereign_moe_fused.asm	src/deep2	1	IMPLEMENT
src/sovereign/puppeteer/Puppeteer_CaptureState.asm	src/sovereign	1	IMPLEMENT
src/asm/RawrXD_MissingSymbols.asm	src/asm	1	IMPLEMENT
src/asm/byte_search.asm	src/asm	1	IMPLEMENT
src/asm/memory_patch.asm	src/asm	1	IMPLEMENT
src/x64/rawrxd_quantum_beaconism.asm	src/x64	1	IMPLEMENT
src/ai/digestion_scanner.asm	src/ai	1	IMPLEMENT
src/unresolved_asm_stubs.asm	src/unresolved_asm_stubs.asm	0	ABSENT_ACTIVE_REF
src/RawrXD_Complete_ReverseEngineered.asm	src/RawrXD_Complete_ReverseEngineered.asm	1	IMPLEMENT
src/ceo/main.cpp	src/ceo	1	IMPLEMENT
src/cpu_inference_engine.cpp	src/cpu_inference_engine.cpp	1	IMPLEMENT
src/core/memory_production.cpp	src/core	1	IMPLEMENT
src/core/rawrxd_subsystem_api.cpp	src/core	1	IMPLEMENT
src/core/rawrxd_linker_closure.cpp	src/core	1	IMPLEMENT
src/infinite/InfinitePerfectionEngine.cpp	src/infinite	1	GRAPH_RESTORED_EMPTY
src/swarm/SovereignSwarm.cpp	src/swarm	1	GRAPH_RESTORED_EMPTY
src/core/rawrxd_subsystem_api_impl.cpp	src/core	1	IMPLEMENT
src/core/link_stubs_production.cpp	src/core	1	IMPLEMENT
src/vulkan_kernel_bridge.cpp	src/vulkan_kernel_bridge.cpp	1	IMPLEMENT
src/compression/zlib_runtime_loader.cpp	src/compression	1	IMPLEMENT
src/engine/gguf_core.cpp	src/engine	1	IMPLEMENT
src/engine/transformer.cpp	src/engine	1	IMPLEMENT
src/core/execution_scheduler.cpp	src/core	1	IMPLEMENT
src/cli/cli_autonomy_loop.cpp	src/cli	1	IMPLEMENT
src/cli/deep_iteration_engine.cpp	src/cli	1	IMPLEMENT
src/cli/cli_headless_systems.cpp	src/cli	1	IMPLEMENT
src/core/streaming_engine_registry.cpp	src/core	1	IMPLEMENT
src/core/flash_attention.cpp	src/core	1	IMPLEMENT
src/core/gpu_backend_bridge.cpp	src/core	1	IMPLEMENT
src/core/native_speed_layer.cpp	src/core	1	IMPLEMENT
src/core/local_ai_core.cpp	src/core	1	IMPLEMENT
src/core/native_inference_pipeline.cpp	src/core	1	IMPLEMENT
src/core/layer_offload_manager.cpp	src/core	1	IMPLEMENT
src/core/model_memory_hotpatch.cpp	src/core	1	IMPLEMENT
src/core/byte_level_hotpatcher.cpp	src/core	1	IMPLEMENT
src/core/unified_hotpatch_manager.cpp	src/core	1	IMPLEMENT
src/core/proxy_hotpatcher.cpp	src/core	1	IMPLEMENT
src/core/model_bruteforce_engine.cpp	src/core	1	IMPLEMENT
src/agent/agentic_hotpatch_orchestrator.cpp	src/agent	1	IMPLEMENT
src/core/agentic_task_graph.cpp	src/core	1	IMPLEMENT
src/core/embedding_engine.cpp	src/core	1	IMPLEMENT
src/core/vision_encoder.cpp	src/core	1	IMPLEMENT
src/core/vision_token_gate.cpp	src/core	1	IMPLEMENT
src/core/vision_embedding_cache.cpp	src/core	1	IMPLEMENT
src/core/vision_kv_isolation.cpp	src/core	1	IMPLEMENT
src/core/vision_quantized_encoder.cpp	src/core	1	IMPLEMENT
src/core/vision_gpu_staging.cpp	src/core	1	IMPLEMENT
src/auth/rbac_engine.cpp	src/auth	1	IMPLEMENT
src/core/shadow_page_detour.cpp	src/core	1	IMPLEMENT
src/core/sentinel_watchdog.cpp	src/core	1	IMPLEMENT
src/agent/llm_http_client.cpp	src/agent	1	IMPLEMENT
src/agent/model_invoker.cpp	src/agent	1	IMPLEMENT
src/agent/planner.cpp	src/agent	1	IMPLEMENT
src/agent/eval_framework.cpp	src/agent	1	IMPLEMENT
src/ollama_client.cpp	src/ollama_client.cpp	1	GRAPH_RESTORED_EMPTY
src/agent/local_reasoning_engine.cpp	src/agent	1	IMPLEMENT
src/agent/agent_self_repair.cpp	src/agent	1	IMPLEMENT
src/agent/agent_self_healing_orchestrator.cpp	src/agent	1	IMPLEMENT
src/agentic/DeterministicReplayEngine.cpp	src/agentic	1	IMPLEMENT
src/agentic/AgentToolHandlers.cpp	src/agentic	1	IMPLEMENT
src/agentic/autonomous_recovery_orchestrator.cpp	src/agentic	1	IMPLEMENT
src/core/cot_fallback_system.cpp	src/core	1	IMPLEMENT
src/agentic/AgenticDeepThinkingEngine.cpp	src/agentic	1	IMPLEMENT
src/agentic/AgentOrchestrator.cpp	src/agentic	1	IMPLEMENT
src/agentic/OrchestratorBridge.cpp	src/agentic	1	IMPLEMENT
src/agentic/AgenticNavigator.cpp	src/agentic	1	IMPLEMENT
src/agentic/RawrXD_ToolRegistry.cpp	src/agentic	1	IMPLEMENT
src/agentic/ToolRegistry.cpp	src/agentic	1	IMPLEMENT
src/agentic/RawrXD_AgentLoop.cpp	src/agentic	1	IMPLEMENT
src/agentic/agentic_executor.cpp	src/agentic	1	IMPLEMENT
src/core/auto_repair_orchestrator.cpp	src/core	1	IMPLEMENT
src/core/agent_memory_indexer.cpp	src/core	1	IMPLEMENT
src/agent/DiskRecoveryAgent.cpp	src/agent	1	IMPLEMENT
src/repo/FileIndex.cpp	src/repo	1	IMPLEMENT
src/repo/SymbolTable.cpp	src/repo	1	IMPLEMENT
src/repo/ASTCache.cpp	src/repo	1	IMPLEMENT
src/repo/TypeDatabase.cpp	src/repo	1	IMPLEMENT
src/repo/CallGraph.cpp	src/repo	1	IMPLEMENT
src/repo/IncludeGraph.cpp	src/repo	1	IMPLEMENT
src/repo/SearchIndex.cpp	src/repo	1	IMPLEMENT
src/repo/EmbeddingIndex.cpp	src/repo	1	IMPLEMENT
src/build/BuildIntelligence.cpp	src/build	1	IMPLEMENT
src/diagnostics/DiagnosticsEngine.cpp	src/diagnostics	1	IMPLEMENT
src/core/swarm_decision_bridge.cpp	src/core	1	IMPLEMENT
src/core/production_release.cpp	src/core	1	IMPLEMENT
src/core/webrtc_signaling.cpp	src/core	1	IMPLEMENT
src/core/gpu_kernel_autotuner.cpp	src/core	1	IMPLEMENT
src/core/sandbox_integration.cpp	src/core	1	IMPLEMENT
src/core/amd_gpu_accelerator.cpp	src/core	1	IMPLEMENT
src/core/unified_memory_executor.cpp	src/core	1	IMPLEMENT
src/core/model_runtime_gate.cpp	src/core	1	IMPLEMENT
src/core/intel_gpu_accelerator.cpp	src/core	1	IMPLEMENT
src/core/arm64_gpu_accelerator.cpp	src/core	1	IMPLEMENT
src/core/cerebras_wse_accelerator.cpp	src/core	1	IMPLEMENT
src/core/accelerator_router.cpp	src/core	1	IMPLEMENT
src/core/pdb_gsi_hash.cpp	src/core	1	IMPLEMENT
src/core/pdb_native.cpp	src/core	1	IMPLEMENT
src/core/pdb_reference_provider.cpp	src/core	1	IMPLEMENT
src/core/camellia256_bridge.cpp	src/core	1	IMPLEMENT
src/core/swarm_coordinator.cpp	src/core	1	IMPLEMENT
src/core/swarm_worker.cpp	src/core	1	IMPLEMENT
src/core/enterprise_feature_manager.cpp	src/core	1	IMPLEMENT
src/model_config.cpp	src/model_config.cpp	1	GRAPH_RESTORED_EMPTY
src/core/multi_gpu.cpp	src/core	1	IMPLEMENT
src/core/engine_registry.cpp	src/core	1	IMPLEMENT
src/agent/telemetry_collector.cpp	src/agent	1	IMPLEMENT
src/agentic/BoundedAgentLoop.cpp	src/agentic	1	IMPLEMENT
src/agentic/DiskRecoveryAgent.cpp	src/agentic	1	IMPLEMENT
src/agentic/DiskRecoveryToolHandler.cpp	src/agentic	1	IMPLEMENT
src/core/ai_agent_masm_core_impl.cpp	src/core	1	IMPLEMENT
src/core/context_deterioration_hotpatch.cpp	src/core	1	IMPLEMENT
src/lsp/lsp_hotpatch_bridge.cpp	src/lsp	1	GRAPH_RESTORED_EMPTY
src/lsp/hotpatch_symbol_provider.cpp	src/lsp	1	GRAPH_RESTORED_EMPTY
src/core/support_tier.cpp	src/core	1	IMPLEMENT
src/core/feature_registry.cpp	src/core	1	IMPLEMENT
src/core/menu_auditor.cpp	src/core	1	IMPLEMENT
src/lsp/gguf_diagnostic_provider.cpp	src/lsp	1	GRAPH_RESTORED_EMPTY
src/core/extension_polyfill_engine.cpp	src/core	1	IMPLEMENT
src/modules/vscode_extension_api.cpp	src/modules	1	GRAPH_RESTORED_EMPTY
src/core/js_extension_host.cpp	src/core	1	IMPLEMENT
src/agent/agentic_deep_thinking_engine.cpp	src/agent	1	IMPLEMENT
src/agent/quantum_autonomous_todo_system.cpp	src/agent	1	IMPLEMENT
src/agent/quantum_multi_model_agent_cycling.cpp	src/agent	1	IMPLEMENT
src/agent/quantum_dynamic_time_manager.cpp	src/agent	1	IMPLEMENT
src/agent/quantum_missing_impl.cpp	src/agent	1	IMPLEMENT
src/agent/quantum_production_orchestrator.cpp	src/agent	1	IMPLEMENT
src/agent/quantum_agent_orchestrator.cpp	src/agent	1	IMPLEMENT
src/win32app/Win32IDE_logMessage.cpp	src/win32app	1	IMPLEMENT
src/core/pt_driver_contract.cpp	src/core	1	IMPLEMENT
src/core/voice_chat.cpp	src/core	1	IMPLEMENT
src/core/voice_automation.cpp	src/core	1	IMPLEMENT
src/core/directml_compute.cpp	src/core	1	IMPLEMENT
src/core/gguf_dml_bridge.cpp	src/core	1	IMPLEMENT
src/core/dml_streaming_integration.cpp	src/core	1	IMPLEMENT
src/core/dml_asm_fallback.cpp	src/core	1	IMPLEMENT
src/core/watchdog_service.cpp	src/core	1	IMPLEMENT
src/core/shortcut_manager.cpp	src/core	1	IMPLEMENT
src/core/backup_manager.cpp	src/core	1	IMPLEMENT
src/core/alert_system.cpp	src/core	1	IMPLEMENT
src/core/feature_registration.cpp	src/core	1	IMPLEMENT
src/core/feature_handlers.cpp	src/core	1	IMPLEMENT
src/core/auto_feature_registry.cpp	src/core	1	IMPLEMENT
src/core/intent_engine.cpp	src/core	1	IMPLEMENT
src/core/model_training_pipeline.cpp	src/core	1	IMPLEMENT
src/core/ssot_handlers.cpp	src/core	1	IMPLEMENT
src/core/ssot_beacon.cpp	src/core	1	IMPLEMENT
src/core/ssot_handlers_ext_runtime_minimal.cpp	src/core	1	IMPLEMENT
src/core/ssot_validation.cpp	src/core	1	IMPLEMENT
src/core/unified_command_dispatch.cpp	src/core	1	IMPLEMENT
src/core/reasoning_profile.cpp	src/core	1	IMPLEMENT
src/core/reasoning_pipeline_orchestrator.cpp	src/core	1	IMPLEMENT
src/core/reasoning_cot_bridge.cpp	src/core	1	IMPLEMENT
src/core/rawrxd_state_mmf.cpp	src/core	1	IMPLEMENT
src/core/live_binary_patcher.cpp	src/core	1	IMPLEMENT
src/core/traversal_strategy.cpp	src/core	1	IMPLEMENT
src/core/layer_contribution_scorer.cpp	src/core	1	IMPLEMENT
src/core/semantic_delta_tracker.cpp	src/core	1	IMPLEMENT
src/core/cross_run_tensor_cache.cpp	src/core	1	IMPLEMENT
src/core/convergence_controller.cpp	src/core	1	IMPLEMENT
src/core/iterative_tensor_traversal.cpp	src/core	1	IMPLEMENT
src/core/sqlite_wrapper.cpp	src/core	1	IMPLEMENT
src/core/thread_pool.cpp	src/core	1	IMPLEMENT
src/core/memory_pressure_handler.cpp	src/core	1	IMPLEMENT
src/core/jsonrpc_parser.cpp	src/core	1	IMPLEMENT
src/agentic/multi_file_transaction.cpp	src/agentic	1	IMPLEMENT
src/core/transaction_journal.cpp	src/core	1	IMPLEMENT
src/agentic/agentic_transaction.cpp	src/agentic	1	IMPLEMENT
src/agentic/agent_workflow_orchestrator.cpp	src/agentic	1	IMPLEMENT
src/core/vector_index.cpp	src/core	1	IMPLEMENT
src/agentic/model_cascade.cpp	src/agentic	1	IMPLEMENT
src/agentic/context_assembler.cpp	src/agentic	1	IMPLEMENT
src/core/crash_containment.cpp	src/core	1	IMPLEMENT
src/core/patch_rollback_ledger.cpp	src/core	1	IMPLEMENT
src/core/quant_hysteresis.cpp	src/core	1	IMPLEMENT
src/core/perf_telemetry.cpp	src/core	1	IMPLEMENT
src/core/prompt_template_engine.cpp	src/core	1	IMPLEMENT
src/ai/streaming_inference_engine.cpp	src/ai	1	IMPLEMENT
src/ai/speculative_tree_attention_bridge.cpp	src/ai	1	IMPLEMENT
src/gpu/gpu_backend.cpp	src/gpu	1	IMPLEMENT
src/tools/multi_model_benchmark.cpp	src/tools	1	GRAPH_RESTORED_EMPTY
src/agentic_agent_coordinator.cpp	src/agentic_agent_coordinator.cpp	1	IMPLEMENT
src/production_config_manager.cpp	src/production_config_manager.cpp	1	IMPLEMENT
src/core/deterministic_swarm.cpp	src/core	1	IMPLEMENT
src/core/input_guard_slicer.cpp	src/core	1	IMPLEMENT
src/test_harness/replay_fixture.cpp	src/test_harness	1	GRAPH_RESTORED_EMPTY
src/test_harness/replay_oracle.cpp	src/test_harness	1	GRAPH_RESTORED_EMPTY
src/test_harness/replay_mock_inference.cpp	src/test_harness	1	GRAPH_RESTORED_EMPTY
src/test_harness/replay_harness.cpp	src/test_harness	1	GRAPH_RESTORED_EMPTY
src/test_harness/replay_reporter.cpp	src/test_harness	1	GRAPH_RESTORED_EMPTY
src/core/distributed_pipeline_orchestrator.cpp	src/core	1	IMPLEMENT
src/core/hotpatch_control_plane.cpp	src/core	1	IMPLEMENT
src/core/static_analysis_engine.cpp	src/core	1	IMPLEMENT
src/core/problems_aggregator.cpp	src/core	1	IMPLEMENT
src/core/code_linter.cpp	src/core	1	IMPLEMENT
src/core/semantic_code_intelligence.cpp	src/core	1	IMPLEMENT
src/repointel/ScopeTree.cpp	src/repointel	1	IMPLEMENT
src/repointel/RepositoryUniverse.cpp	src/repointel	1	IMPLEMENT
src/core/autonomous_workflow_engine.cpp	src/core	1	IMPLEMENT
src/core/workspace_reasoning_profiles.cpp	src/core	1	IMPLEMENT
src/core/reasoning_schema_versioning.cpp	src/core	1	IMPLEMENT
src/core/safe_refactor_engine.cpp	src/core	1	IMPLEMENT
src/core/unlinked_symbols_batch_001.cpp	src/core	1	IMPLEMENT
src/core/unlinked_symbols_batch_002.cpp	src/core	1	IMPLEMENT
src/core/unlinked_symbols_batch_003.cpp	src/core	1	IMPLEMENT
src/core/unlinked_symbols_batch_004.cpp	src/core	1	IMPLEMENT
src/core/unlinked_symbols_batch_005.cpp	src/core	1	IMPLEMENT
src/core/unlinked_symbols_batch_006.cpp	src/core	1	IMPLEMENT
src/core/unlinked_symbols_batch_007.cpp	src/core	1	IMPLEMENT
src/core/unlinked_symbols_batch_008.cpp	src/core	1	IMPLEMENT
src/core/unlinked_symbols_batch_009.cpp	src/core	1	IMPLEMENT
src/core/unlinked_symbols_batch_010.cpp	src/core	1	IMPLEMENT
src/core/unlinked_symbols_batch_011.cpp	src/core	1	IMPLEMENT
src/core/unlinked_symbols_batch_012.cpp	src/core	1	IMPLEMENT
src/core/unlinked_symbols_batch_022.cpp	src/core	1	IMPLEMENT
src/core/unlinked_symbols_batch_013.cpp	src/core	1	IMPLEMENT
src/core/unlinked_symbols_batch_018.cpp	src/core	1	IMPLEMENT
src/core/unlinked_symbols_batch_019.cpp	src/core	1	IMPLEMENT
src/core/unlinked_symbols_batch_020.cpp	src/core	1	IMPLEMENT
src/core/streaming_orchestrator.cpp	src/core	1	IMPLEMENT
src/core/analyzer_distiller.cpp	src/core	1	IMPLEMENT
src/core/rawrengine_missing_stubs.cpp	src/core	1	GRAPH_RESTORED_EMPTY
src/core/update_signature.cpp	src/core	1	IMPLEMENT
src/core/cursor_github_parity_bridge.cpp	src/core	1	IMPLEMENT
src/core/local_parity_bridge.cpp	src/core	1	IMPLEMENT
src/core/swarm_reconciliation.cpp	src/core	1	IMPLEMENT
src/core/quickjs_sandbox.cpp	src/core	1	IMPLEMENT
src/core/plugin_signature.cpp	src/core	1	IMPLEMENT
src/core/enterprise_stress_tests.cpp	src/core	1	IMPLEMENT
src/core/auto_update_system.cpp	src/core	1	IMPLEMENT
src/core/knowledge_graph_core.cpp	src/core	1	IMPLEMENT
src/core/swarm_conflict_resolver.cpp	src/core	1	IMPLEMENT
src/core/autonomous_debugger.cpp	src/core	1	IMPLEMENT
src/context/semantic_index.cpp	src/context	1	IMPLEMENT
src/deep2/AntiPatcher.cpp	src/deep2	1	IMPLEMENT
src/deep2/StreamEngine.cpp	src/deep2	1	IMPLEMENT
src/deep2/Deep2ModelRuntime.cpp	src/deep2	1	IMPLEMENT
src/deep2/Deep2Engine.cpp	src/deep2	1	IMPLEMENT
src/deep2/InferenceWire.cpp	src/deep2	1	IMPLEMENT
src/deep2/Deep2Engine_Speculative.cpp	src/deep2	1	IMPLEMENT
src/deep2/Sampler.cpp	src/deep2	1	IMPLEMENT
src/deep2/Tokenizer.cpp	src/deep2	1	IMPLEMENT
src/asm/k2_real_attention/RawrXD_K2_RealAttention_x64.asm	src/asm	1	IMPLEMENT
src/deep2/ElasticResidencyManager.cpp	src/deep2	1	IMPLEMENT
src/deep2/CycloneScheduler.cpp	src/deep2	1	IMPLEMENT
src/deep2/ProductionProfiler.cpp	src/deep2	1	IMPLEMENT
src/deep2/QuantKernelRegistry.cpp	src/deep2	1	IMPLEMENT
src/deep2/Deep2ExecutionGraph.cpp	src/deep2	1	IMPLEMENT
src/deep2/StreamRouter.cpp	src/deep2	1	IMPLEMENT
src/deep2/CompressedKVCache.cpp	src/deep2	1	IMPLEMENT
src/deep2/NVMeStream.cpp	src/deep2	1	IMPLEMENT
src/deep2/mars/MARSController.cpp	src/deep2	1	IMPLEMENT
src/core/masm_stress_harness.cpp	src/core	1	IMPLEMENT
src/core/convergence_stress_harness.cpp	src/core	1	IMPLEMENT
src/core/missing_handler_stubs.cpp	src/core	1	IMPLEMENT
src/core/ssot_handlers_ext_isolated.cpp	src/core	1	IMPLEMENT
src/core/ssot_handlers_ext.cpp	src/core	1	IMPLEMENT
src/swarm/InfinitePerfectionTelemetry.cpp	src/swarm	1	GRAPH_RESTORED_EMPTY
src/swarm/InfinitePerfectionTelemetrySQLite.cpp	src/swarm	1	GRAPH_RESTORED_EMPTY
src/swarm/TelemetryDashboardServer.cpp	src/swarm	1	GRAPH_RESTORED_EMPTY
src/swarm/IDEIntegration.cpp	src/swarm	1	GRAPH_RESTORED_EMPTY
src/swarm/LearningSimulator.cpp	src/swarm	1	GRAPH_RESTORED_EMPTY
src/core/ssot_handlers_ext_dedicated.cpp	src/core	1	IMPLEMENT
src/core/ConfigurationValidator.cpp	src/core	1	IMPLEMENT
src/agentic/ErrorRecoveryManager.cpp	src/agentic	1	IMPLEMENT
src/link_stubs/rawrengine_link_closure.cpp	src/link_stubs	1	GRAPH_RESTORED_EMPTY
src/core/rawrengine_command_handlers.cpp	src/core	1	IMPLEMENT
src/win32app/Win32IDE_VSCodeExtAPI.cpp	src/win32app	1	GRAPH_RESTORED_EMPTY
src/modules/quickjs_extension_host.cpp	src/modules	1	GRAPH_RESTORED_EMPTY
src/modules/quickjs_vscode_bindings.cpp	src/modules	1	GRAPH_RESTORED_EMPTY
src/win32app/Win32IDE.cpp	src/win32app	1	GRAPH_RESTORED_EMPTY
src/win32app/main_win32.cpp	src/win32app	1	IMPLEMENT
src/core/js_extension_host_headless_impl.cpp	src/core	1	IMPLEMENT
src/core/rawrxd_native_log_impl.cpp	src/core	1	IMPLEMENT
src/deep2/Chamber.cpp	src/deep2	1	IMPLEMENT
src/deep2/PlasmaGovernor.cpp	src/deep2	1	IMPLEMENT
src/deep2/SovereignOutOfCoreRuntime.cpp	src/deep2	1	IMPLEMENT
src/deep2/BP16Streamer.cpp	src/deep2	1	IMPLEMENT
src/deep2/ToroidalKVCache.cpp	src/deep2	1	IMPLEMENT
src/deep2/sovereign_q4_1_gemv.asm	src/deep2	1	IMPLEMENT
src/deep2/sovereign_q5_k_gemv.asm	src/deep2	1	IMPLEMENT
src/deep2/sovereign_q6_k_gemv.asm	src/deep2	1	IMPLEMENT
src/deep2/sovereign_q8_0_gemv.asm	src/deep2	1	IMPLEMENT
src/deep2/sovereign_fp16_gemv.asm	src/deep2	1	IMPLEMENT
src/main.cpp	src/main.cpp	1	IMPLEMENT
src/core/native_debugger_engine.cpp	src/core	1	IMPLEMENT
src/core/native_debugger_symbols.cpp	src/core	1	IMPLEMENT
src/core/command_handlers_lsp.cpp	src/core	1	IMPLEMENT
src/core/command_handlers_asm.cpp	src/core	1	IMPLEMENT
src/core/command_handlers_hybrid.cpp	src/core	1	IMPLEMENT
src/core/command_handlers_comprehensive.cpp	src/core	1	IMPLEMENT
src/core/asm_symbols_stub.cpp	src/core	1	IMPLEMENT
src/core/auto_feature_stub_impl.cpp	src/core	1	IMPLEMENT
src/core/ignite_800b.cpp	src/core	1	IMPLEMENT
src/core/transcendence_coordinator.cpp	src/core	1	IMPLEMENT
src/core/minimal_gold_main.cpp	src/core	1	IMPLEMENT
src/core/multi_response_engine.cpp	src/core	1	IMPLEMENT
src/ui/entry_point.cpp	src/ui	1	GRAPH_RESTORED_EMPTY
src/gold_stubs/gold_link_stubs.cpp	src/gold_stubs	1	IMPLEMENT
src/core/gold_link_closure.cpp	src/core	1	IMPLEMENT
src/core/link_symbols_impl.cpp	src/core	1	IMPLEMENT
src/core/gold_patch_symbol_stubs.cpp	src/core	1	GRAPH_RESTORED_EMPTY
tests/gguf_link_impl.cpp	tests/gguf_link_impl.cpp	1	IMPLEMENT
src/core/native_gguf_loader_link_impl.cpp	src/core	1	IMPLEMENT
src/core/gold_inference_profiler_minimal.cpp	src/core	1	IMPLEMENT
src/core/gold_enterprise_devunlock_impl.cpp	src/core	1	IMPLEMENT
src/core/gold_beacon_handlers.cpp	src/core	1	IMPLEMENT
src/core/neural_bridge.cpp	src/core	1	IMPLEMENT
src/core/omega_orchestrator.cpp	src/core	1	IMPLEMENT
src/core/mesh_brain.cpp	src/core	1	IMPLEMENT
src/core/speciator_engine.cpp	src/core	1	IMPLEMENT
src/core/self_host_engine.cpp	src/core	1	IMPLEMENT
src/core/hardware_synthesizer.cpp	src/core	1	IMPLEMENT
src/ui/RawrXD_MainLoop.cpp	src/ui	1	GRAPH_RESTORED_EMPTY
src/asm/RawrXD_PE_Exporter.asm	src/asm	1	IMPLEMENT
src/asm/RawrXD_NanoQuant_Engine.asm	src/asm	1	IMPLEMENT
src/deep2/Nanof32BraidStreamer.cpp	src/deep2	1	IMPLEMENT
src/ggml/ggml_nanoquant.cpp	src/ggml	1	IMPLEMENT
src/rawrxd_transformer_forwardbatch.cpp	src/rawrxd_transformer_forwardbatch.cpp	1	IMPLEMENT
src/deep2/WeightConsumptionCensus.hpp	src/deep2	1	IMPLEMENT
src/core/WeightConsumptionCensus.cpp	src/core	1	IMPLEMENT
src/core/memory_stubs.cpp	src/core	1	IMPLEMENT
src/core/cpu_features.cpp	src/core	1	IMPLEMENT
tests/b009/b009b_batched_gemm.cpp	tests/b009	1	IMPLEMENT
src/codec/compression.cpp	src/codec	1	IMPLEMENT
src/deep2/InferenceWire.hpp	src/deep2	1	IMPLEMENT
src/deep2/ReverseLayer.cpp	src/deep2	1	IMPLEMENT
src/deep2/strict_gpu_violations.cpp	src/deep2	1	IMPLEMENT
src/deep2/VramStreamingController.cpp	src/deep2	1	IMPLEMENT
src/deep2/expert_cache/ExpertCache.cpp	src/deep2	1	IMPLEMENT
src/deep2/expert_cache/VulkanExpertTransport.cpp	src/deep2	1	IMPLEMENT
src/deep2/expert_cache/HostStagingRing.cpp	src/deep2	1	IMPLEMENT
src/deep2/expert_cache/ExpertScheduler.cpp	src/deep2	1	IMPLEMENT
src/deep2/expert_cache/PackedExpertSlicer.cpp	src/deep2	1	IMPLEMENT
src/deep2/expert_cache/ExpertTensorCatalog.cpp	src/deep2	1	IMPLEMENT
src/deep2/expert_cache/Deep2ExpertCacheBridge.cpp	src/deep2	1	IMPLEMENT
src/deep2/expert_cache/Deep2MultiGpuExpertCache.cpp	src/deep2	1	IMPLEMENT
src/deep2/expert_cache/Deep2StackGuard.cpp	src/deep2	1	IMPLEMENT
src/deep2/Deep2RooflineGovernor.cpp	src/deep2	1	IMPLEMENT
src/deep2/Deep2DualGpuBalancer.cpp	src/deep2	1	IMPLEMENT
src/deep2/Deep2ExpertResidency.cpp	src/deep2	1	IMPLEMENT
src/deep2/Deep2PredictiveRouter.cpp	src/deep2	1	IMPLEMENT
src/deep2/Deep2PersistentDecode.cpp	src/deep2	1	IMPLEMENT
src/deep2/Deep2CommandBatch.cpp	src/deep2	1	IMPLEMENT
src/deep2/Deep2RooflineCert.cpp	src/deep2	1	IMPLEMENT
src/deep2/Deep2RooflineRatchet.cpp	src/deep2	1	IMPLEMENT
src/deep2/Deep2RooflineRuntime.cpp	src/deep2	1	IMPLEMENT
src/deep2/ChatTemplate.cpp	src/deep2	1	IMPLEMENT
src/deep2/ModelRegistry.cpp	src/deep2	1	IMPLEMENT
src/deep2/TensorResidencyCache.cpp	src/deep2	1	IMPLEMENT
src/deep2/AttnCertProbe.cpp	src/deep2	1	IMPLEMENT
src/core/AmdGpuPowerBackend.cpp	src/core	1	IMPLEMENT
src/core/GpuDecodeEfficiency.cpp	src/core	1	IMPLEMENT
src/deep2/Deep2DeviceManager.cpp	src/deep2	1	IMPLEMENT
src/deep2/Deep2MultiGpuLayerPlan.cpp	src/deep2	1	IMPLEMENT
src/deep2/GpuScheduler.cpp	src/deep2	1	IMPLEMENT
src/deep2/vulkan_compute.cpp	src/deep2	1	IMPLEMENT
src/deep2/Deep2Engine_VulkanRuntime.cpp	src/deep2	1	IMPLEMENT
src/deep2/Deep2DualGpuRowSplit.cpp	src/deep2	1	IMPLEMENT
src/deep2/Deep2Engine_GpuMoEMLA.cpp	src/deep2	1	IMPLEMENT
src/deep2/deep2_cpu_mla.cpp	src/deep2	1	IMPLEMENT
src/deep2/Deep2B66RuntimeMeta.cpp	src/deep2	1	IMPLEMENT
src/deep2/Deep2Engine_GpuForward.cpp	src/deep2	1	IMPLEMENT
src/deep2/Deep2Engine_SsVkDecodeBind.cpp	src/deep2	1	IMPLEMENT
src/deep2/lavapath/DualStickStreamWindow.cpp	src/deep2	1	IMPLEMENT
src/deep2/lavapath/DualStickStreamWindow_Acquire.cpp	src/deep2	1	IMPLEMENT
src/deep2/lavapath/DualStickStreamWindow_Emit.cpp	src/deep2	1	IMPLEMENT
src/deep2/lavapath/DualStickEnvSnap.cpp	src/deep2	1	IMPLEMENT
src/deep2/lavapath/KN_O3KKEN.asm	src/deep2	1	IMPLEMENT
src/deep2/lavapath/r25_productopen_masm.asm	src/deep2	1	IMPLEMENT
src/agentic/RawrXD_AutonomousFlow.cpp	src/agentic	1	GRAPH_RESTORED_EMPTY
src/agentic/RawrXD_AutonomousCoordinator_Final.cpp	src/agentic	1	GRAPH_RESTORED_EMPTY
src/agentic/SovereignCodeGenerator.cpp	src/agentic	1	GRAPH_RESTORED_EMPTY
src/agentic/StreamingResultChannel.cpp	src/agentic	1	IMPLEMENT
src/agentic/streaming_command_handler.cpp	src/agentic	1	IMPLEMENT
src/deep2/Beaconism.cpp	src/deep2	1	IMPLEMENT
src/sovereign/verify_integration.cpp	src/sovereign	1	GRAPH_RESTORED_EMPTY
src/inference/inference_standalone_link_shims.cpp	src/inference	1	IMPLEMENT
src/agentic_model_streamer_bridge.cpp	src/agentic_model_streamer_bridge.cpp	1	IMPLEMENT
src/deep2/AgentToolAuthority.cpp	src/deep2	1	IMPLEMENT
src/agentic/StreamingToolParser.cpp	src/agentic	1	IMPLEMENT
src/agentic/AgentToolRegistry.cpp	src/agentic	1	IMPLEMENT
src/agentic/CommandExecutor.cpp	src/agentic	1	IMPLEMENT
src/agentic/CheckpointRollbackAuthority.cpp	src/agentic	1	IMPLEMENT
src/agentic/AgentStateManager.cpp	src/agentic	1	IMPLEMENT
src/agentic/AgentToolOrchestrator.cpp	src/agentic	1	IMPLEMENT
src/agentic/ModelToolProtocol.cpp	src/agentic	1	IMPLEMENT
src/security/JwtValidator.cpp	src/security	1	IMPLEMENT
src/deep2/TimeReverseDigest.cpp	src/deep2	1	IMPLEMENT
src/compute/BowRainComputeAuthority.cpp	src/compute	1	IMPLEMENT
src/asm/RawrXD_KQuant_Kernel.asm	src/asm	1	IMPLEMENT
src/deep2/QuantKB.asm	src/deep2	1	IMPLEMENT
src/asm/Deep2Device_Score.asm	src/asm	1	IMPLEMENT
src/asm/Deep2Device_Pick.asm	src/asm	1	IMPLEMENT
src/asm/Deep2R1_StrEq.asm	src/asm	1	IMPLEMENT
src/asm/Deep2R1_IsArch.asm	src/asm	1	IMPLEMENT
src/asm/Deep2R1_GlobData.asm	src/asm	1	IMPLEMENT
src/asm/Deep2R1_MlaData.asm	src/asm	1	IMPLEMENT
src/asm/Deep2R1_MoeData.asm	src/asm	1	IMPLEMENT
src/asm/Deep2R1_Scan.asm	src/asm	1	IMPLEMENT
src/asm/Deep2R1_Decode.asm	src/asm	1	IMPLEMENT
src/asm/Deep2R1_Validate.asm	src/asm	1	IMPLEMENT
src/asm/Deep2R1_LayerKind.asm	src/asm	1	IMPLEMENT
src/asm/Deep2R1_SplitKVB.asm	src/asm	1	IMPLEMENT
src/asm/Deep2ThreadAffinity.asm	src/asm	1	IMPLEMENT
src/asm/Deep2OuterStr.asm	src/asm	1	IMPLEMENT
src/asm/Deep2OuterEnv.asm	src/asm	1	IMPLEMENT
src/asm/Deep2OuterParse.asm	src/asm	1	IMPLEMENT
src/asm/Deep2OuterParseIdx.asm	src/asm	1	IMPLEMENT
src/asm/Deep2OuterGGUF.asm	src/asm	1	IMPLEMENT
src/asm/Deep2OuterPath.asm	src/asm	1	IMPLEMENT
src/asm/Deep2OuterShardApply.asm	src/asm	1	IMPLEMENT
src/asm/Deep2OuterShardScan.asm	src/asm	1	IMPLEMENT
src/asm/Deep2OuterShardCheck.asm	src/asm	1	IMPLEMENT
src/asm/Deep2OuterPrintIO.asm	src/asm	1	IMPLEMENT
src/asm/Deep2OuterPrint.asm	src/asm	1	IMPLEMENT
src/asm/Deep2OuterEvidence.asm	src/asm	1	IMPLEMENT
src/asm/Deep2OuterResolve.asm	src/asm	1	IMPLEMENT
src/asm/Deep2OuterCallEngine.asm	src/asm	1	IMPLEMENT
src/asm/Deep2OuterHost.asm	src/asm	1	IMPLEMENT
src/asm/RuntimeEvidence512_Core.asm	src/asm	1	IMPLEMENT
src/asm/RuntimeEvidence512_Emit.asm	src/asm	1	IMPLEMENT
src/asm/RuntimeEvidence512_Collect.asm	src/asm	1	IMPLEMENT
src/asm/RuntimeEvidence512_IDEEmit.asm	src/asm	1	IMPLEMENT
src/asm/RuntimeEvidence512_IDECollect.asm	src/asm	1	IMPLEMENT
src/refactor/RefactorChain.cpp	src/refactor	1	IMPLEMENT
src/win32app/ide_inference_gate.cpp	src/win32app	1	IMPLEMENT
src/win32app/ide_toolchain_gate.cpp	src/win32app	1	IMPLEMENT
src/core/gold_command_providers.cpp	src/core	1	IMPLEMENT
src/sovereign/puppeteer/JITAssembler.cpp	src/sovereign	1	IMPLEMENT
src/ui/agentic_bridge.cpp	src/ui	1	GRAPH_RESTORED_EMPTY
src/bridge/Win32SwarmBridge.cpp	src/bridge	1	IMPLEMENT
src/bridge/SwarmIATRegistration.cpp	src/bridge	1	IMPLEMENT
src/bridge/UnifiedModelMetadata.cpp	src/bridge	1	IMPLEMENT
src/inference/ai_model_caller_real.cpp	src/inference	1	GRAPH_RESTORED_EMPTY
src/inference/inference_engine_real.cpp	src/inference	1	GRAPH_RESTORED_EMPTY
src/asm/webview2_masm64_dispatcher.asm	src/asm	1	IMPLEMENT
src/asm/view_state_x64.asm	src/asm	1	IMPLEMENT
src/asm/tensor_masm.asm	src/asm	1	IMPLEMENT
src/win32app/Win32IDE_Core.cpp	src/win32app	1	IMPLEMENT
src/win32app/Win32IDE_CoreRuntimeSpine.cpp	src/win32app	1	GRAPH_RESTORED_EMPTY
src/win32app/Win32IDE_Commands.cpp	src/win32app	1	IMPLEMENT
src/win32app/Win32IDE_CommandSurface.cpp	src/win32app	1	GRAPH_RESTORED_EMPTY
src/command/CommandBroker.cpp	src/command	1	IMPLEMENT
src/command/CommandEventJournal.cpp	src/command	1	IMPLEMENT
src/command/SessionBinder.cpp	src/command	1	IMPLEMENT
src/command/CapabilityProfile.cpp	src/command	1	IMPLEMENT
src/win32app/Win32IDE_VSCodeUI.cpp	src/win32app	1	GRAPH_RESTORED_EMPTY
src/win32app/Win32IDE_WindowOwnership.cpp	src/win32app	1	GRAPH_RESTORED_EMPTY
src/win32app/Win32IDE_Accelerators.cpp	src/win32app	1	GRAPH_RESTORED_EMPTY
src/win32app/IV280Bridge.cpp	src/win32app	1	GRAPH_RESTORED_EMPTY
src/win32app/IMultiFileSearchWidget.cpp	src/win32app	1	GRAPH_RESTORED_EMPTY
src/win32app/CICDSettings.cpp	src/win32app	1	IMPLEMENT
src/win32app/BenchmarkMenu.cpp	src/win32app	1	GRAPH_RESTORED_EMPTY
src/win32app/WindowManager.cpp	src/win32app	1	GRAPH_RESTORED_EMPTY
src/win32app/EditorOperations.cpp	src/win32app	1	GRAPH_RESTORED_EMPTY
src/win32app/RouterOperations.cpp	src/win32app	1	GRAPH_RESTORED_EMPTY
src/win32app/Win32IDE_Watchdog.cpp	src/win32app	1	IMPLEMENT
src/win32app/Win32IDE_SyntaxHighlight.cpp	src/win32app	1	IMPLEMENT
src/win32app/Win32IDE_VisionEncoder.cpp	src/win32app	1	GRAPH_RESTORED_EMPTY
src/win32app/Win32IDE_Themes.cpp	src/win32app	1	GRAPH_RESTORED_EMPTY
src/win32app/Win32IDE_StreamingUX.cpp	src/win32app	1	IMPLEMENT
src/win32app/Win32IDE_Sidebar.cpp	src/win32app	1	IMPLEMENT
src/win32app/Win32IDE_Debugger.cpp	src/win32app	1	GRAPH_RESTORED_EMPTY
src/win32app/Win32IDE_AutonomousDebugger.cpp	src/win32app	1	GRAPH_RESTORED_EMPTY
src/win32app/Win32IDE_Annotations.cpp	src/win32app	1	GRAPH_RESTORED_EMPTY
src/win32app/Win32IDE_ReverseEngineering.cpp	src/win32app	1	GRAPH_RESTORED_EMPTY
src/win32app/Win32IDE_Logger.cpp	src/win32app	1	IMPLEMENT
src/win32app/Win32IDE_AgenticBridge.cpp	src/win32app	1	IMPLEMENT
src/win32app/Win32IDE_AgentCommands.cpp	src/win32app	1	GRAPH_RESTORED_EMPTY
src/win32app/Win32IDE_TabManager.cpp	src/win32app	1	IMPLEMENT
src/win32app/Win32IDE_Settings.cpp	src/win32app	1	IMPLEMENT
src/win32app/Win32IDE_AutonomousCommunicator.cpp	src/win32app	1	GRAPH_RESTORED_EMPTY
src/win32app/Win32IDE_AgenticComposerUX.cpp	src/win32app	1	GRAPH_RESTORED_EMPTY
src/win32app/Win32IDE_ContextMentionParser.cpp	src/win32app	1	GRAPH_RESTORED_EMPTY
src/win32app/Win32IDE_UnifiedTelemetry.cpp	src/win32app	1	GRAPH_RESTORED_EMPTY
src/win32app/Win32IDE_Autonomy.cpp	src/win32app	1	GRAPH_RESTORED_EMPTY
src/win32app/Win32IDE_PowerShell.cpp	src/win32app	1	GRAPH_RESTORED_EMPTY
src/win32app/Win32IDE_PowerShellPanel.cpp	src/win32app	1	GRAPH_RESTORED_EMPTY
src/win32app/Win32IDE_CommandFlight.cpp	src/win32app	1	GRAPH_RESTORED_EMPTY
src/win32app/Win32IDE_ShellLayout.cpp	src/win32app	1	IMPLEMENT
src/win32app/Win32IDE_MenuE2eProbe.cpp	src/win32app	1	GRAPH_RESTORED_EMPTY
src/win32app/Win32IDE_Session.cpp	src/win32app	1	IMPLEMENT
src/win32app/Win32IDE_GGUFInspector.cpp	src/win32app	1	GRAPH_RESTORED_EMPTY
src/win32app/Win32IDE_FileOps.cpp	src/win32app	1	IMPLEMENT
src/win32app/Win32IDE_RuntimeCert.cpp	src/win32app	1	IMPLEMENT
src/win32app/Win32IDE_DecompilerView.cpp	src/win32app	1	GRAPH_RESTORED_EMPTY
src/win32app/Win32IDE_NativePipeline.cpp	src/win32app	1	GRAPH_RESTORED_EMPTY
src/win32app/Win32IDE_ModelAnatomy.cpp	src/win32app	1	GRAPH_RESTORED_EMPTY
src/deep2/Deep2APIServer.cpp	src/deep2	1	GRAPH_RESTORED_EMPTY
src/deep2/production/Deep2ProductionRuntime.cpp	src/deep2	1	GRAPH_RESTORED_EMPTY
src/core/auto_feature_real_impl.cpp	src/core	1	IMPLEMENT
include/chat_interface.h	include/chat_interface.h	1	IMPLEMENT
include/universal_model_router.h	include/universal_model_router.h	1	IMPLEMENT
include/plan_orchestrator.h	include/plan_orchestrator.h	1	IMPLEMENT
include/lsp_client.h	include/lsp_client.h	1	IMPLEMENT
src/win32app/Win32IDE_FeatureManifest.cpp	src/win32app	1	GRAPH_RESTORED_EMPTY
src/win32app/Win32IDE_GhostText.cpp	src/win32app	1	IMPLEMENT
src/ai_completion_real.cpp	src/ai_completion_real.cpp	1	IMPLEMENT
src/ide/Deep2Bridge.cpp	src/ide	1	GRAPH_RESTORED_EMPTY
src/ide/ANSIColorParser.cpp	src/ide	1	GRAPH_RESTORED_EMPTY
src/ide/FindReplaceDialog.cpp	src/ide	1	GRAPH_RESTORED_EMPTY
src/ide/GitCommitDialog.cpp	src/ide	1	GRAPH_RESTORED_EMPTY
src/ide/GitDiffViewer.cpp	src/ide	1	GRAPH_RESTORED_EMPTY
src/win32app/Win32IDE_OutlinePanel.cpp	src/win32app	1	GRAPH_RESTORED_EMPTY
src/win32app/Win32IDE_RenamePreview.cpp	src/win32app	1	GRAPH_RESTORED_EMPTY
src/win32app/Win32IDE_Tier2Cosmetics.cpp	src/win32app	1	GRAPH_RESTORED_EMPTY
src/win32app/Win32IDE_Tier1Cosmetics.cpp	src/win32app	1	GRAPH_RESTORED_EMPTY
src/win32app/Win32IDE_Breadcrumbs.cpp	src/win32app	1	GRAPH_RESTORED_EMPTY
src/win32app/Win32IDE_PlanExecutor.cpp	src/win32app	1	GRAPH_RESTORED_EMPTY
src/agentic/failure_intelligence_orchestrator.cpp	src/agentic	1	IMPLEMENT
src/win32app/Win32IDE_AgenticPlanningPanel.cpp	src/win32app	1	GRAPH_RESTORED_EMPTY
src/win32app/Win32IDE_FailureDetector.cpp	src/win32app	1	GRAPH_RESTORED_EMPTY
src/win32app/Win32IDE_FailureIntelligence.cpp	src/win32app	1	GRAPH_RESTORED_EMPTY
src/win32app/Win32IDE_LocalServer.cpp	src/win32app	1	GRAPH_RESTORED_EMPTY
src/win32app/Win32IDE_BackendSwitcher.cpp	src/win32app	1	GRAPH_RESTORED_EMPTY
src/security/ProviderKeyStore.cpp	src/security	1	GRAPH_RESTORED_EMPTY
src/security/ProviderKeyStore_get.cpp	src/security	1	GRAPH_RESTORED_EMPTY
src/security/ProviderKeyStore_misc.cpp	src/security	1	GRAPH_RESTORED_EMPTY
src/win32app/Win32IDE_AIBackend.cpp	src/win32app	1	GRAPH_RESTORED_EMPTY
src/win32app/Win32IDE_LLMRouter.cpp	src/win32app	1	GRAPH_RESTORED_EMPTY
src/win32app/Win32IDE_LSPClient.cpp	src/win32app	1	IMPLEMENT
src/win32app/Win32IDE_PeekOverlay.cpp	src/win32app	1	GRAPH_RESTORED_EMPTY
src/win32app/Win32IDE_CaretAnimation.cpp	src/win32app	1	GRAPH_RESTORED_EMPTY
src/win32app/Win32IDE_AgentOllamaClient.cpp	src/win32app	1	GRAPH_RESTORED_EMPTY
src/win32app/Win32IDE_ModelDiscovery.cpp	src/win32app	1	GRAPH_RESTORED_EMPTY
src/win32app/Win32IDE_SwarmModelSelector.cpp	src/win32app	1	GRAPH_RESTORED_EMPTY
src/win32app/Win32IDE_AsmSemantic.cpp	src/win32app	1	GRAPH_RESTORED_EMPTY
src/win32app/Win32IDE_LSP_AI_Bridge.cpp	src/win32app	1	IMPLEMENT
src/win32app/Win32IDE_MultiResponse.cpp	src/win32app	1	GRAPH_RESTORED_EMPTY
src/win32app/Win32IDE_ExecutionGovernor.cpp	src/win32app	1	GRAPH_RESTORED_EMPTY
src/win32app/Win32IDE_LayerEviction.cpp	src/win32app	1	GRAPH_RESTORED_EMPTY
src/win32app/Win32IDE_SubAgent.cpp	src/win32app	1	GRAPH_RESTORED_EMPTY
src/win32app/Win32IDE_AgentHistory.cpp	src/win32app	1	GRAPH_RESTORED_EMPTY
src/win32app/Win32IDE_AgentPanel.cpp	src/win32app	1	IMPLEMENT
src/win32app/Win32IDE_DiskRecovery.cpp	src/win32app	1	GRAPH_RESTORED_EMPTY
src/win32app/Win32TerminalManager.cpp	src/win32app	1	GRAPH_RESTORED_EMPTY
src/win32app/TransparentRenderer.cpp	src/win32app	1	GRAPH_RESTORED_EMPTY
src/plugin_system/win32_plugin_loader.cpp	src/plugin_system	1	GRAPH_RESTORED_EMPTY
src/win32app/Win32IDE_Plugins.cpp	src/win32app	1	GRAPH_RESTORED_EMPTY
src/win32app/Win32IDE_HandleExtensionCommand.cpp	src/win32app	1	GRAPH_RESTORED_EMPTY
src/auth/QuantumAuthUI.cpp	src/auth	1	IMPLEMENT
src/backend/vulkan_compute.cpp	src/backend	1	IMPLEMENT
src/kernels/rdna3/RDNA3_GpuDispatcher.cpp	src/kernels	1	GRAPH_RESTORED_EMPTY
src/agentic/OllamaProvider.cpp	src/agentic	1	IMPLEMENT
src/core/win32ide_watchdog_init.cpp	src/core	1	IMPLEMENT
src/core/unlinked_symbols_batch_021.cpp	src/core	1	IMPLEMENT
src/ANSIParser.cpp	src/ANSIParser.cpp	1	IMPLEMENT
src/rdna3_bridge.cpp	src/rdna3_bridge.cpp	1	GRAPH_RESTORED_EMPTY
src/core/ollama_provider_stub.cpp	src/core	1	GRAPH_RESTORED_EMPTY
src/core/gguf_runner_stub.cpp	src/core	1	IMPLEMENT
src/llm_adapter/rawrxd_ggufrunner_signals.cpp	src/llm_adapter	1	GRAPH_RESTORED_EMPTY
src/core/subsystem_api_stubs.cpp	src/core	1	IMPLEMENT
src/core/crypto_stubs.cpp	src/core	1	IMPLEMENT
src/core/watchdog_stubs.cpp	src/core	1	IMPLEMENT
src/core/pattern_stubs.cpp	src/core	1	IMPLEMENT
src/core/perf_telemetry_stubs.cpp	src/core	1	IMPLEMENT
src/core/mesh_brain_stubs.cpp	src/core	1	IMPLEMENT
src/core/native_log_stub.cpp	src/core	1	IMPLEMENT
src/core/speciator_stubs.cpp	src/core	1	IMPLEMENT
src/core/neural_bridge_stubs.cpp	src/core	1	IMPLEMENT
src/core/hwsynth_stubs.cpp	src/core	1	IMPLEMENT
src/core/spengine_stubs.cpp	src/core	1	IMPLEMENT
src/core/collab_stubs.cpp	src/core	1	GRAPH_RESTORED_EMPTY
src/collab/cursor_widget.cpp	src/collab	1	IMPLEMENT
src/collab/crdt_buffer.cpp	src/collab	1	IMPLEMENT
src/spengine_bridge.cpp	src/spengine_bridge.cpp	1	GRAPH_RESTORED_EMPTY
src/core/model_router_stubs.cpp	src/core	1	IMPLEMENT
src/win32app/Win32IDE_SemanticIndex.cpp	src/win32app	1	GRAPH_RESTORED_EMPTY
src/win32app/Win32IDE_private_stubs.cpp	src/win32app	1	GRAPH_RESTORED_EMPTY
src/core/sdma/sdma_coordinator.cpp	src/core	1	IMPLEMENT
src/runtime_core.cpp	src/runtime_core.cpp	1	GRAPH_RESTORED_EMPTY
src/utils/ErrorReporter.cpp	src/utils	1	GRAPH_RESTORED_EMPTY
src/core/enterprise_devunlock_bridge.cpp	src/core	1	IMPLEMENT
src/core/monolithic_heap_globals.cpp	src/core	1	IMPLEMENT
src/core/license_helper_utilities.cpp	src/core	1	IMPLEMENT
src/core/70b_gguf_hotpatch.cpp	src/core	1	IMPLEMENT
src/core/governor_throttling.cpp	src/core	1	IMPLEMENT
src/win32app/Win32IDE_SwarmPanel.cpp	src/win32app	1	GRAPH_RESTORED_EMPTY
src/win32app/Win32IDE_DualAgentPanel.cpp	src/win32app	1	GRAPH_RESTORED_EMPTY
src/win32app/Win32IDE_NativeDebugPanel.cpp	src/win32app	1	GRAPH_RESTORED_EMPTY
src/win32app/Win32IDE_HotpatchPanel.cpp	src/win32app	1	GRAPH_RESTORED_EMPTY
src/agent/meta_planner.cpp	src/agent	1	IMPLEMENT
src/cloud_api_client.cpp	src/cloud_api_client.cpp	1	IMPLEMENT
src/modules/vsix_loader_win32.cpp	src/modules	1	GRAPH_RESTORED_EMPTY
src/core/quantum_safe_transport.cpp	src/core	1	IMPLEMENT
src/core/adaptive_pipeline_parallel.cpp	src/core	1	IMPLEMENT
src/core/universal_model_merger.cpp	src/core	1	IMPLEMENT
src/win32app/Win32IDE_WebView2.cpp	src/win32app	1	GRAPH_RESTORED_EMPTY
src/win32app/AgenticBrowserLayer.cpp	src/win32app	1	GRAPH_RESTORED_EMPTY
src/win32app/Win32IDE_AgenticBrowser.cpp	src/win32app	1	GRAPH_RESTORED_EMPTY
src/win32app/Win32IDE_MonacoThemes.cpp	src/win32app	1	GRAPH_RESTORED_EMPTY
src/core/WebView2Container.cpp	src/core	1	IMPLEMENT
src/core/MonacoCoreEngine.cpp	src/core	1	IMPLEMENT
src/core/WebView2EditorEngine.cpp	src/core	1	IMPLEMENT
src/core/RichEditEditorEngine.cpp	src/core	1	IMPLEMENT
src/core/EditorEngineFactory.cpp	src/core	1	IMPLEMENT
src/win32app/Win32IDE_EditorEngine.cpp	src/win32app	1	IMPLEMENT
src/core/pdb_lsp_bridge.cpp	src/core	1	IMPLEMENT
src/win32app/Win32IDE_PDBSymbols.cpp	src/win32app	1	GRAPH_RESTORED_EMPTY
src/core/auto_discovery.cpp	src/core	1	IMPLEMENT
src/win32app/Win32IDE_AuditDashboard.cpp	src/win32app	1	GRAPH_RESTORED_EMPTY
src/core/final_gauntlet.cpp	src/core	1	IMPLEMENT
src/win32app/Win32IDE_Gauntlet.cpp	src/win32app	1	GRAPH_RESTORED_EMPTY
src/win32app/Win32IDE_VoiceChat.cpp	src/win32app	1	GRAPH_RESTORED_EMPTY
src/win32app/Win32IDE_VoiceAutomation.cpp	src/win32app	1	GRAPH_RESTORED_EMPTY
src/win32app/Win32IDE_QuickWins.cpp	src/win32app	1	GRAPH_RESTORED_EMPTY
src/core/win32ide_handler_impls.cpp	src/core	1	IMPLEMENT
src/refactor/RefactorChainIdeSurface.cpp	src/refactor	1	IMPLEMENT
src/model_trainer.cpp	src/model_trainer.cpp	1	GRAPH_RESTORED_EMPTY
src/agentic/AgentOllamaClient_stubs.cpp	src/agentic	1	GRAPH_RESTORED_EMPTY
src/modules/autonomous_agentic_orchestrator.cpp	src/modules	1	GRAPH_RESTORED_EMPTY
src/core/beacon_link_stub.cpp	src/core	1	IMPLEMENT
src/win32app/v280_link_bridge.cpp	src/win32app	1	GRAPH_RESTORED_EMPTY
src/core/startup_phase_registry.cpp	src/core	1	IMPLEMENT
src/win32app/Win32IDE_Telemetry.cpp	src/win32app	1	GRAPH_RESTORED_EMPTY
src/mcp_integration.cpp	src/mcp_integration.cpp	1	GRAPH_RESTORED_EMPTY
src/win32app/Win32IDE_MCP.cpp	src/win32app	1	IMPLEMENT
src/win32app/Win32IDE_FlightRecorder.cpp	src/win32app	1	GRAPH_RESTORED_EMPTY
src/win32app/Win32IDE_Instructions.cpp	src/win32app	1	GRAPH_RESTORED_EMPTY
src/modules/unity_engine_integration.cpp	src/modules	1	GRAPH_RESTORED_EMPTY
src/modules/unreal_engine_integration.cpp	src/modules	1	GRAPH_RESTORED_EMPTY
src/modules/game_engine_manager.cpp	src/modules	1	GRAPH_RESTORED_EMPTY
src/win32app/Win32IDE_GameEnginePanel.cpp	src/win32app	1	GRAPH_RESTORED_EMPTY
src/modules/crucible_engine.cpp	src/modules	1	GRAPH_RESTORED_EMPTY
src/win32app/Win32IDE_CruciblePanel.cpp	src/win32app	1	GRAPH_RESTORED_EMPTY
src/modules/copilot_gap_closer.cpp	src/modules	1	GRAPH_RESTORED_EMPTY
src/win32app/Win32IDE_CopilotGapPanel.cpp	src/win32app	1	GRAPH_RESTORED_EMPTY
src/win32app/Win32IDE_PipelinePanel.cpp	src/win32app	1	GRAPH_RESTORED_EMPTY
src/win32app/Win32IDE_HotpatchCtrlPanel.cpp	src/win32app	1	GRAPH_RESTORED_EMPTY
src/win32app/Win32IDE_StaticAnalysisPanel.cpp	src/win32app	1	GRAPH_RESTORED_EMPTY
src/win32app/Win32IDE_ProblemsPanel.cpp	src/win32app	1	GRAPH_RESTORED_EMPTY
src/win32app/Win32IDE_BuildRunner.cpp	src/win32app	1	IMPLEMENT
src/win32app/Win32IDE_SecurityScans.cpp	src/win32app	1	GRAPH_RESTORED_EMPTY
src/core/problems_panel_bridge.cpp	src/core	1	IMPLEMENT
src/win32app/Win32IDE_AgentStreamingBridge.cpp	src/win32app	1	GRAPH_RESTORED_EMPTY
src/win32app/Win32IDE_SemanticPanel.cpp	src/win32app	1	GRAPH_RESTORED_EMPTY
src/win32app/Win32IDE_TelemetryPanel.cpp	src/win32app	1	GRAPH_RESTORED_EMPTY
src/win32app/Win32IDE_Tier3Polish.cpp	src/win32app	1	GRAPH_RESTORED_EMPTY
src/win32app/Win32IDE_Tier3Cosmetics.cpp	src/win32app	1	GRAPH_RESTORED_EMPTY
src/win32app/Win32IDE_Tier5Cosmetics.cpp	src/win32app	1	GRAPH_RESTORED_EMPTY
src/win32app/Win32IDE_CrashReporter.cpp	src/win32app	1	GRAPH_RESTORED_EMPTY
src/win32app/Win32IDE_ColorPicker.cpp	src/win32app	1	GRAPH_RESTORED_EMPTY
src/win32app/Win32IDE_EmojiSupport.cpp	src/win32app	1	GRAPH_RESTORED_EMPTY
src/win32app/Win32IDE_ShortcutEditor.cpp	src/win32app	1	GRAPH_RESTORED_EMPTY
src/win32app/Win32IDE_TelemetryDashboard.cpp	src/win32app	1	GRAPH_RESTORED_EMPTY
src/win32app/Win32IDE_MarketplacePanel.cpp	src/win32app	1	GRAPH_RESTORED_EMPTY
src/win32app/Win32IDE_Collab.cpp	src/win32app	1	GRAPH_RESTORED_EMPTY
src/win32app/Win32IDE_IRCBridge.cpp	src/win32app	1	GRAPH_RESTORED_EMPTY
src/win32app/Win32IDE_IRCBridgeCommands.cpp	src/win32app	1	GRAPH_RESTORED_EMPTY
src/collab/websocket_hub.cpp	src/collab	1	IMPLEMENT
src/win32app/Win32IDE_TestExplorerTree.cpp	src/win32app	1	GRAPH_RESTORED_EMPTY
src/win32app/Win32IDE_NetworkPanel.cpp	src/win32app	1	GRAPH_RESTORED_EMPTY
src/core/omega_asm_native_kernel.cpp	src/core	1	IMPLEMENT
src/core/integrated_runtime.cpp	src/core	1	IMPLEMENT
src/core/win32ide_link_stubs.cpp	src/core	1	IMPLEMENT
src/win32app/Win32IDE_TranscendencePanel.cpp	src/win32app	1	GRAPH_RESTORED_EMPTY
src/win32app/VulkanRenderer.cpp	src/win32app	1	GRAPH_RESTORED_EMPTY
src/win32app/OSExplorerInterceptor.cpp	src/win32app	1	GRAPH_RESTORED_EMPTY
src/win32app/Win32IDE_MCPHooks.cpp	src/win32app	1	IMPLEMENT
src/win32app/TodoManager.cpp	src/win32app	1	GRAPH_RESTORED_EMPTY
src/win32app/IocpFileWatcher.cpp	src/win32app	1	GRAPH_RESTORED_EMPTY
src/win32app/IDEDiagnosticAutoHealer.cpp	src/win32app	1	GRAPH_RESTORED_EMPTY
src/win32app/ConsentPrompt.cpp	src/win32app	1	GRAPH_RESTORED_EMPTY
src/win32app/AutonomousAgent.cpp	src/win32app	1	GRAPH_RESTORED_EMPTY
src/win32app/Win32IDE_CursorParity.cpp	src/win32app	1	GRAPH_RESTORED_EMPTY
src/win32app/Win32IDE_GUILayoutHotpatch.cpp	src/win32app	1	GRAPH_RESTORED_EMPTY
src/win32app/Win32IDE_Tasks.cpp	src/win32app	1	GRAPH_RESTORED_EMPTY
src/win32app/Win32IDE_GitPanel.cpp	src/win32app	1	IMPLEMENT
src/win32app/Win32IDE_Refactor.cpp	src/win32app	1	GRAPH_RESTORED_EMPTY
src/win32app/Win32IDE_SearchPanel.cpp	src/win32app	1	IMPLEMENT
src/win32app/Win32IDE_FuzzySearch.cpp	src/win32app	1	GRAPH_RESTORED_EMPTY
src/win32app/Win32IDE_Minimap.cpp	src/win32app	1	GRAPH_RESTORED_EMPTY
src/win32app/Win32IDE_DiffView.cpp	src/win32app	1	GRAPH_RESTORED_EMPTY
src/win32app/Win32IDE_SettingsGUI.cpp	src/win32app	1	IMPLEMENT
src/win32app/Win32IDE_CodeLens.cpp	src/win32app	1	GRAPH_RESTORED_EMPTY
src/win32app/Win32IDE_InlayHints.cpp	src/win32app	1	GRAPH_RESTORED_EMPTY
src/win32app/Win32IDE_HoverTooltips.cpp	src/win32app	1	GRAPH_RESTORED_EMPTY
src/win32app/Win32IDE_ProvableAgent.cpp	src/win32app	1	GRAPH_RESTORED_EMPTY
src/win32app/Win32IDE_AIReverseEngineering.cpp	src/win32app	1	GRAPH_RESTORED_EMPTY
src/win32app/Win32IDE_AirgappedEnterprise.cpp	src/win32app	1	GRAPH_RESTORED_EMPTY
src/win32app/Win32IDE_FlagshipFeatures.cpp	src/win32app	1	GRAPH_RESTORED_EMPTY
src/project_context.cpp	src/project_context.cpp	1	GRAPH_RESTORED_EMPTY
src/universal_model_router.cpp	src/universal_model_router.cpp	1	GRAPH_RESTORED_EMPTY
src/model_registry.cpp	src/model_registry.cpp	1	GRAPH_RESTORED_EMPTY
src/core/checkpoint_manager.cpp	src/core	1	IMPLEMENT
src/core/model_loader_asm_stubs.cpp	src/core	1	GRAPH_RESTORED_EMPTY
src/ui/interpretability_panel.cpp	src/ui	1	GRAPH_RESTORED_EMPTY
src/real_time_completion_engine.cpp	src/real_time_completion_engine.cpp	1	GRAPH_RESTORED_EMPTY
src/LanguageServerIntegration.cpp	src/LanguageServerIntegration.cpp	1	GRAPH_RESTORED_EMPTY
src/interpretability_panel_enhanced.cpp	src/interpretability_panel_enhanced.cpp	1	GRAPH_RESTORED_EMPTY
src/feature_registry_panel.cpp	src/feature_registry_panel.cpp	1	IMPLEMENT
src/autonomous_feature_engine.cpp	src/autonomous_feature_engine.cpp	1	IMPLEMENT
src/autonomous_intelligence_orchestrator.cpp	src/autonomous_intelligence_orchestrator.cpp	1	IMPLEMENT
src/plan_orchestrator.cpp	src/plan_orchestrator.cpp	1	GRAPH_RESTORED_EMPTY
src/tool_registry_advanced.cpp	src/tool_registry_advanced.cpp	1	GRAPH_RESTORED_EMPTY
src/lsp_client.cpp	src/lsp_client.cpp	1	GRAPH_RESTORED_EMPTY
src/intelligent_codebase_engine.cpp	src/intelligent_codebase_engine.cpp	1	GRAPH_RESTORED_EMPTY
src/ai_model_caller.cpp	src/ai_model_caller.cpp	1	IMPLEMENT
src/hybrid_cloud_manager.cpp	src/hybrid_cloud_manager.cpp	1	IMPLEMENT
src/benchmark_menu_widget.cpp	src/benchmark_menu_widget.cpp	1	IMPLEMENT
src/benchmark_runner.cpp	src/benchmark_runner.cpp	1	IMPLEMENT
src/win32app/feature_registry_panel.cpp	src/win32app	1	GRAPH_RESTORED_EMPTY
src/ui/monaco_settings_dialog.cpp	src/ui	1	GRAPH_RESTORED_EMPTY
src/thermal/RAWRXD_ThermalDashboard.cpp	src/thermal	1	GRAPH_RESTORED_EMPTY
src/win32app/VSCodeMarketplaceAPI.cpp	src/win32app	1	GRAPH_RESTORED_EMPTY
src/multi_file_search.cpp	src/multi_file_search.cpp	1	GRAPH_RESTORED_EMPTY
src/core/license_manager_panel.cpp	src/core	1	IMPLEMENT
src/telemetry/logger.cpp	src/telemetry	1	GRAPH_RESTORED_EMPTY
src/win32app/Win32IDE_LicenseCreator.cpp	src/win32app	1	GRAPH_RESTORED_EMPTY
src/win32app/Win32IDE_PeekView.cpp	src/win32app	1	GRAPH_RESTORED_EMPTY
src/win32app/Win32IDE_AutoSave.cpp	src/win32app	1	IMPLEMENT
src/win32app/Win32IDE_TerminalSplit.cpp	src/win32app	1	IMPLEMENT
src/win32app/Win32IDE_SnippetEngine.cpp	src/win32app	1	GRAPH_RESTORED_EMPTY
src/win32app/Win32IDE_MultiCursor.cpp	src/win32app	1	GRAPH_RESTORED_EMPTY
src/asm/RawrXD_MultiWindow_Kernel.asm	src/asm	1	IMPLEMENT
src/core/multiwindow_scheduler.cpp	src/core	1	IMPLEMENT
src/asm/RawrXD_DynamicPromptEngine.asm	src/asm	1	IMPLEMENT
src/core/dynamic_prompt_engine_glue.cpp	src/core	1	IMPLEMENT
src/core/ssot_auto_missing_handlers.cpp	src/core	1	IMPLEMENT
src/core/ssot_linker_gap_handlers.cpp	src/core	1	IMPLEMENT
src/core/win32ide_missing_handlers.cpp	src/core	1	IMPLEMENT
src/core/ssot_missing_handlers_provider.cpp	src/core	1	IMPLEMENT
src/core/agentic_executor_link_stub.cpp	src/core	1	IMPLEMENT
src/core/subsystem_mode_fallbacks.cpp	src/core	1	IMPLEMENT
src/core/model_loader_fallbacks.cpp	src/core	1	IMPLEMENT
src/llm_adapter/ggufrunner_link_fallbacks.cpp	src/llm_adapter	1	GRAPH_RESTORED_EMPTY
src/win32app/collab_cursor_fallbacks.cpp	src/win32app	1	GRAPH_RESTORED_EMPTY
src/inference/gguf_d3d12_bridge_link_fallback.cpp	src/inference	1	IMPLEMENT
src/win32app/rtp_protocol_fallback.cpp	src/win32app	1	GRAPH_RESTORED_EMPTY
src/win32app/ai_workers_queue.cpp	src/win32app	1	GRAPH_RESTORED_EMPTY
src/ui/ImportBridge.cpp	src/ui	1	GRAPH_RESTORED_EMPTY
src/ui/ExportBridge.cpp	src/ui	1	GRAPH_RESTORED_EMPTY
src/terminal/embedded_terminal.cpp	src/terminal	1	GRAPH_RESTORED_EMPTY
src/win32app/sovereign_gpu_link_stubs.cpp	src/win32app	1	GRAPH_RESTORED_EMPTY
src/core/hexmag_ide_link_probe.cpp	src/core	1	IMPLEMENT
src/win32app/Win32IDE_HexMagCopilotRoute.cpp	src/win32app	1	GRAPH_RESTORED_EMPTY
src/core/hexmag_control_plane.cpp	src/core	1	IMPLEMENT
src/core/hexmag_oracle_binder.cpp	src/core	1	IMPLEMENT
src/core/hexmag_runtime_controller.cpp	src/core	1	IMPLEMENT
src/core/hexmag_masm_stubs.cpp	src/core	1	IMPLEMENT
src/agent/hexmag_client.cpp	src/agent	1	IMPLEMENT
src/asm/RawrXD_PE_Importer.asm	src/asm	1	IMPLEMENT
src/asm/ghost_text_ranker.asm	src/asm	1	IMPLEMENT
src/asm/diff_engine.asm	src/asm	1	IMPLEMENT
src/asm/RawrXD_HexMag_Swarm.asm	src/asm	1	IMPLEMENT
src/asm/RawrXD_HexMag_RepeatTuner.asm	src/asm	1	IMPLEMENT
src/win32app/Win32IDE_headless_stubs.cpp	src/win32app	1	GRAPH_RESTORED_EMPTY
src/stubs.cpp	src/stubs.cpp	1	GRAPH_RESTORED_EMPTY
src/core/stubs.cpp	src/core	1	IMPLEMENT
src/core/universal_stub.cpp	src/core	1	IMPLEMENT
src/core/link_stubs_final.cpp	src/core	1	IMPLEMENT
src/core/link_stubs_remaining_classes.cpp	src/core	1	IMPLEMENT
src/win32app/Win32IDE_CursorParityBridge.cpp	src/win32app	1	GRAPH_RESTORED_EMPTY
src/win32app/Win32IDE_OmegaOrchestrator.cpp	src/win32app	1	GRAPH_RESTORED_EMPTY
src/win32app/Win32IDE_MeshBrain.cpp	src/win32app	1	GRAPH_RESTORED_EMPTY
src/win32app/Win32IDE_SpeciatorEngine.cpp	src/win32app	1	GRAPH_RESTORED_EMPTY
src/win32app/Win32IDE_NeuralBridge.cpp	src/win32app	1	GRAPH_RESTORED_EMPTY
src/win32app/Win32IDE_SelfHostEngine.cpp	src/win32app	1	GRAPH_RESTORED_EMPTY
src/win32app/Win32IDE_HardwareSynthesizer.cpp	src/win32app	1	GRAPH_RESTORED_EMPTY
src/win32app/Win32IDE_TranscendenceCoordinator.cpp	src/win32app	1	GRAPH_RESTORED_EMPTY
src/win32app/Win32IDE_AutonomousAgent.cpp	src/win32app	1	GRAPH_RESTORED_EMPTY
src/win32app/Win32IDE_ChatMessageRenderer.cpp	src/win32app	1	GRAPH_RESTORED_EMPTY
src/win32app/Win32IDE_ToolActionStatus.cpp	src/win32app	1	GRAPH_RESTORED_EMPTY
src/win32app/Win32IDE_ChatPanel.cpp	src/win32app	1	IMPLEMENT
src/win32app/Win32IDE_ChatPanel_Ollama.cpp	src/win32app	1	GRAPH_RESTORED_EMPTY
src/win32app/Win32IDE_VulkanRenderer.cpp	src/win32app	1	GRAPH_RESTORED_EMPTY
src/win32app/Win32IDE_OSExplorerInterceptor.cpp	src/win32app	1	GRAPH_RESTORED_EMPTY
src/win32app/Win32IDE_IOCPFileWatcher.cpp	src/win32app	1	GRAPH_RESTORED_EMPTY
src/win32app/Win32IDE_IDEDiagnosticAutoHealer.cpp	src/win32app	1	GRAPH_RESTORED_EMPTY
src/win32app/Win32IDE_ConsentPrompt.cpp	src/win32app	1	GRAPH_RESTORED_EMPTY
src/win32app/Win32IDE_PerfTelemetry.cpp	src/win32app	1	GRAPH_RESTORED_EMPTY
src/win32app/Win32IDE_UpdateSignature.cpp	src/win32app	1	GRAPH_RESTORED_EMPTY
src/win32app/Win32IDE_PluginSignature.cpp	src/win32app	1	GRAPH_RESTORED_EMPTY
src/win32app/Win32IDE_EnterpriseStressTests.cpp	src/win32app	1	GRAPH_RESTORED_EMPTY
src/win32app/Win32IDE_SQLite3Core.cpp	src/win32app	1	GRAPH_RESTORED_EMPTY
src/win32app/Win32IDE_TelemetryExport.cpp	src/win32app	1	GRAPH_RESTORED_EMPTY
src/win32app/Win32IDE_RefactoringPlugin.cpp	src/win32app	1	GRAPH_RESTORED_EMPTY
src/win32app/Win32IDE_LanguagePlugin.cpp	src/win32app	1	GRAPH_RESTORED_EMPTY
src/win32app/Win32IDE_ResourceGenerator.cpp	src/win32app	1	GRAPH_RESTORED_EMPTY
src/memory/UnifiedMemoryPool.cpp	src/memory	1	GRAPH_RESTORED_EMPTY
src/deep2/ScaleQuality.cpp	src/deep2	1	GRAPH_RESTORED_EMPTY
src/deep2/TheDualityExample.cpp	src/deep2	1	IMPLEMENT
src/deep2/deep2_end_to_end_bench.cpp	src/deep2	1	IMPLEMENT
src/deep2/Deep2Discovery.cpp	src/deep2	1	GRAPH_RESTORED_EMPTY
src/deep2/Deep2Benchmark.cpp	src/deep2	1	GRAPH_RESTORED_EMPTY
src/deep2/Deep2InferenceEndpoint.cpp	src/deep2	1	IMPLEMENT
src/deep2/Deep2InferenceGateway.cpp	src/deep2	1	GRAPH_RESTORED_EMPTY
src/deep2/Deep2Integration.cpp	src/deep2	1	GRAPH_RESTORED_EMPTY
src/deep2/Deep2LocalServer.cpp	src/deep2	1	GRAPH_RESTORED_EMPTY
src/deep2/Deep2Server_Minimal.cpp	src/deep2	1	IMPLEMENT
src/deep2/Deep2Server_Sovereign.cpp	src/deep2	1	IMPLEMENT
src/deep2/GGUFDiagnostics.cpp	src/deep2	1	GRAPH_RESTORED_EMPTY
src/deep2/GGUFLoader_Fixed.cpp	src/deep2	1	IMPLEMENT
src/deep2/GGUFVerifier.cpp	src/deep2	1	IMPLEMENT
src/deep2/mcp_bridge.cpp	src/deep2	1	GRAPH_RESTORED_EMPTY
src/deep2/gpu/Deep2GPUBackend.cpp	src/deep2	1	GRAPH_RESTORED_EMPTY
src/deep2/MultiGPU/GPUDeviceRegistry.cpp	src/deep2	1	GRAPH_RESTORED_EMPTY
src/deep2/MultiGPU/MultiGPUScheduler.cpp	src/deep2	1	GRAPH_RESTORED_EMPTY
src/deep2/MultiGPU/VRAMAllocator.cpp	src/deep2	1	GRAPH_RESTORED_EMPTY
src/deep2/dump_tensors.cpp	src/deep2	1	IMPLEMENT
src/deep2/deep2_http_gateway.cpp	src/deep2	1	GRAPH_RESTORED_EMPTY
src/deep2/Deep2Engine_KernelTest.cpp	src/deep2	1	IMPLEMENT
src/deep2/moe_microbench.cpp	src/deep2	1	IMPLEMENT
src/deep2/moe_simple_bench.cpp	src/deep2	1	IMPLEMENT
src/deep2/moe_test.cpp	src/deep2	1	IMPLEMENT
src/deep2/moe_validation_test.cpp	src/deep2	1	IMPLEMENT
src/deep2/router_bench.cpp	src/deep2	1	IMPLEMENT
src/deep2/router_latency_test.cpp	src/deep2	1	IMPLEMENT
src/deep2/test_api_server.cpp	src/deep2	1	IMPLEMENT
src/deep2/test_real_gguf_load.cpp	src/deep2	1	IMPLEMENT
src/deep2/test_real_gguf_validate.cpp	src/deep2	1	IMPLEMENT
src/deep2/test_tool_limit_hotpatch.cpp	src/deep2	1	IMPLEMENT
src/deep2/VAL063_Deep2Certification.cpp	src/deep2	1	IMPLEMENT
src/deep2/VAL038_Benchmark_Harness.cpp	src/deep2	1	IMPLEMENT
src/deep2/deep2_moe_bench_standalone.cpp	src/deep2	1	IMPLEMENT
src/core/sdma/sdma_scheduler.cpp	src/core	1	IMPLEMENT
src/core/sdma/sdma_ring_allocator.cpp	src/core	1	IMPLEMENT
src/sovereign/spine/ExecutionSpine.cpp	src/sovereign	1	GRAPH_RESTORED_EMPTY
src/sovereign/build/BuildStateGraph.cpp	src/sovereign	1	GRAPH_RESTORED_EMPTY
src/sovereign/ide/SovereignIDEIntegration.cpp	src/sovereign	1	GRAPH_RESTORED_EMPTY
src/sovereign/terminal/TerminalOwnership.cpp	src/sovereign	1	GRAPH_RESTORED_EMPTY
src/sovereign/bus/CapabilityBus.cpp	src/sovereign	1	GRAPH_RESTORED_EMPTY
src/sovereign/bus/BeaconBus.cpp	src/sovereign	1	GRAPH_RESTORED_EMPTY
src/sovereign/awareness/SystemAwareness.cpp	src/sovereign	1	GRAPH_RESTORED_EMPTY
src/sovereign/validator/RealityValidator.cpp	src/sovereign	1	GRAPH_RESTORED_EMPTY
src/sovereign/recovery/AutonomousRecovery.cpp	src/sovereign	1	GRAPH_RESTORED_EMPTY
src/sovereign/control/SovereignControlPlane.cpp	src/sovereign	1	GRAPH_RESTORED_EMPTY
src/sovereign/compression/IntentCompression.cpp	src/sovereign	1	GRAPH_RESTORED_EMPTY
src/sovereign/capsule/ExecutionCapsule.cpp	src/sovereign	1	GRAPH_RESTORED_EMPTY
src/sovereign_autonomy/SovereignBlackboard.cpp	src/sovereign_autonomy	1	GRAPH_RESTORED_EMPTY
src/sovereign_autonomy/SovereignTaskGraph.cpp	src/sovereign_autonomy	1	GRAPH_RESTORED_EMPTY
src/sovereign_autonomy/SovereignMissionPlanner.cpp	src/sovereign_autonomy	1	GRAPH_RESTORED_EMPTY
src/sovereign_autonomy/SovereignReflectionEngine.cpp	src/sovereign_autonomy	1	GRAPH_RESTORED_EMPTY
src/sovereign_autonomy/SovereignCritic.cpp	src/sovereign_autonomy	1	GRAPH_RESTORED_EMPTY
src/sovereign_autonomy/SovereignAgentRuntime.cpp	src/sovereign_autonomy	1	GRAPH_RESTORED_EMPTY
src/win32ide/Omega1IPCClient.cpp	src/win32ide	1	GRAPH_RESTORED_EMPTY
src/win32ide/GhostTextRenderer.cpp	src/win32ide	1	GRAPH_RESTORED_EMPTY
src/win32ide/StatusBarTelemetry.cpp	src/win32ide	1	GRAPH_RESTORED_EMPTY
src/win32ide/Omega1IDEIntegration.cpp	src/win32ide	1	GRAPH_RESTORED_EMPTY
src/win32ide/Win32IDE_Omega1Integration.cpp	src/win32ide	1	GRAPH_RESTORED_EMPTY
src/engine/Omega1Engine_Server.cpp	src/engine	1	IMPLEMENT
src/closure/RawrXDAutoClosure.cpp	src/closure	1	IMPLEMENT
src/core/runtime_symbol_bridge.cpp	src/core	1	IMPLEMENT
src/core/inference_link_production.cpp	src/core	1	IMPLEMENT
src/core/win32ide_asm_kernel_bridge.cpp	src/core	1	IMPLEMENT
src/core/kquant_nonmsvc.cpp	src/core	1	IMPLEMENT
src/agentic/RawrXDAgenticE2E.cpp	src/agentic	1	IMPLEMENT
src/win32app/ide_agentic_gate.cpp	src/win32app	1	IMPLEMENT
src/agentic/AgentOllamaClient.cpp	src/agentic	1	IMPLEMENT
src/agentic/GitSafetyAuthority.cpp	src/agentic	1	IMPLEMENT
src/agentic/GitSafetyAuthorityTools.cpp	src/agentic	1	IMPLEMENT
src/agentic/GitSafetyAuthorityIdeSurface.cpp	src/agentic	1	IMPLEMENT
src/deep2/ReceiptAuthority.cpp	src/deep2	1	IMPLEMENT
src/win32app/IDELogger.cpp	src/win32app	1	IMPLEMENT
include/enterprise_license.h	include/enterprise_license.h	1	IMPLEMENT
src/core/enterprise_license_manifest.cpp	src/core	1	IMPLEMENT
src/win32app/Win32IDE_StatusBar.cpp	src/win32app	1	IMPLEMENT
src/lsp/lsp_hotpatch_impl.cpp	src/lsp	1	IMPLEMENT
src/lsp/lsp_hotpatch_bridge_impl.cpp	src/lsp	1	IMPLEMENT
src/closure/ToolGateway.cpp	src/closure	1	IMPLEMENT
src/closure/WorkspaceGuard.cpp	src/closure	1	IMPLEMENT
src/agent/local_reasoning_engine_real.cpp	src/agent	1	IMPLEMENT
src/agent/local_reasoning_integration.cpp	src/agent	1	IMPLEMENT
src/core/win32ide_debugger_bridge.cpp	src/core	1	IMPLEMENT
src/core/win32ide_quadbuffer_bridge.cpp	src/core	1	IMPLEMENT
src/reverse_engineering/re_api_bridge.cpp	src/reverse_engineering	1	IMPLEMENT
src/reverse_engineering/disassembler.cpp	src/reverse_engineering	1	IMPLEMENT
src/repointel/RepositoryIntelligence.cpp	src/repointel	1	IMPLEMENT
src/core/workspace_model.cpp	src/core	1	IMPLEMENT
src/core/task_system.hpp	src/core	1	IMPLEMENT
src/config/IDEConfig.cpp	src/config	1	IMPLEMENT
src/core/task_config_bridge.cpp	src/core	1	IMPLEMENT
src/win32app/launch_config.cpp	src/win32app	1	IMPLEMENT
src/core/file_watcher.cpp	src/core	1	IMPLEMENT
src/core/monaco_core_stubs.cpp	src/core	0	ABSENT_ACTIVE_REF
src/core/MonacoCore.cpp	src/core	1	IMPLEMENT
src/crypto_masm.asm	src/crypto_masm.asm	1	IMPLEMENT
src/security/uac_bypass_impl_stub.cpp	src/security	1	GRAPH_RESTORED_EMPTY
src/sovereign/tests/SovereignTest_Main.cpp	src/sovereign	1	GRAPH_RESTORED_EMPTY
src/sovereign/tests/SovereignTest_AtomicRollback.cpp	src/sovereign	1	GRAPH_RESTORED_EMPTY
src/sovereign/tests/SovereignTest_CacheCoherency.cpp	src/sovereign	1	GRAPH_RESTORED_EMPTY
src/sovereign/tests/SovereignTest_Correctness.cpp	src/sovereign	1	GRAPH_RESTORED_EMPTY
src/sovereign/tests/SovereignTest_VAL038_E2E.cpp	src/sovereign	1	GRAPH_RESTORED_EMPTY
src/sovereign/tests/SovereignTest_Deep2_Batch.cpp	src/sovereign	1	GRAPH_RESTORED_EMPTY
src/deep2/test_generate_one_token.cpp	src/deep2	1	IMPLEMENT
src/deep2/test_generate_313_tokens.cpp	src/deep2	1	IMPLEMENT
src/deep2/test_q2k_single_tensor_oracle.cpp	src/deep2	1	IMPLEMENT
tests/test_embed_parity.cpp	tests/test_embed_parity.cpp	1	IMPLEMENT
tests/generation_quality_gate.cpp	tests/generation_quality_gate.cpp	1	IMPLEMENT
src/deep2/test_tokenizer.cpp	src/deep2	1	IMPLEMENT
src/deep2/test_q4k_gemv_parity.cpp	src/deep2	1	IMPLEMENT
src/deep2/test_q_elemdiff.cpp	src/deep2	1	IMPLEMENT
src/deep2/test_embed_q4k_token.cpp	src/deep2	1	IMPLEMENT
src/deep2/test_chat_template.cpp	src/deep2	1	IMPLEMENT
src/deep2/test_chat_template_unit.cpp	src/deep2	1	IMPLEMENT
src/deep2/test_streaming.cpp	src/deep2	1	IMPLEMENT
tools/deep2_streamer_cert.cpp	tools/deep2_streamer_cert.cpp	1	IMPLEMENT
src/deep2/deep2_streamer_cert.cpp	src/deep2	1	IMPLEMENT
src/deep2/StreamerGpuSoloGate.cpp	src/deep2	1	IMPLEMENT
src/deep2/deep2_streamer_parity.cpp	src/deep2	1	IMPLEMENT
src/deep2/StreamerParity_Harness.cpp	src/deep2	1	IMPLEMENT
src/deep2/StreamerParity_Post.cpp	src/deep2	1	IMPLEMENT
src/deep2/Deep2StreamApi.cpp	src/deep2	1	IMPLEMENT
src/deep2/deep2_gpu_solo_cert.cpp	src/deep2	1	IMPLEMENT
src/deep2/StreamerGpuSoloVk.cpp	src/deep2	1	IMPLEMENT
src/deep2/deep2_gpu_solo_decode_cert.cpp	src/deep2	1	IMPLEMENT
src/deep2/deep2_topology_portability_cert.cpp	src/deep2	1	IMPLEMENT
src/deep2/deep2_multi_gpu_layer_cert.cpp	src/deep2	1	IMPLEMENT
src/deep2/deep2_hybrid_all_hw_cert.cpp	src/deep2	1	IMPLEMENT
src/deep2/deep2_gpu_forward_ops_cert.cpp	src/deep2	1	IMPLEMENT
src/deep2/deep2_gpu_resident_decode_cert.cpp	src/deep2	1	IMPLEMENT
src/deep2/deep2_gpu_transfer_counter_cert.cpp	src/deep2	1	IMPLEMENT
src/deep2/deep2_gpu_transfer_overlap_cert.cpp	src/deep2	1	IMPLEMENT
src/deep2/deep2_gpu_weight_window_cert.cpp	src/deep2	1	IMPLEMENT
src/deep2/deep2_gpu_weight_prefetch_cert.cpp	src/deep2	1	IMPLEMENT
src/deep2/deep2_gpu_numeric_parity_cert.cpp	src/deep2	1	IMPLEMENT
src/deep2/deep2_gpu_q4k_gemv_cert.cpp	src/deep2	1	IMPLEMENT
src/deep2/deep2_gpu_q6k_gemv_cert.cpp	src/deep2	1	IMPLEMENT
src/deep2/deep2_gpu_quant_family_cert.cpp	src/deep2	1	IMPLEMENT
src/deep2/deep2_gpu_packed_forward_cert.cpp	src/deep2	1	IMPLEMENT
src/deep2/deep2_engine_ssvk_decode_bind_cert.cpp	src/deep2	1	IMPLEMENT
src/deep2/deep2_gpu_dynamic_window_cert.cpp	src/deep2	1	IMPLEMENT
src/deep2/deep2_runtime_batch1_cert.cpp	src/deep2	1	IMPLEMENT
src/deep2/deep2_runtime_batch2_cert.cpp	src/deep2	1	IMPLEMENT
src/deep2/deep2_runtime_batch3_cert.cpp	src/deep2	1	IMPLEMENT
src/deep2/deep2_k2_live_gen_perf_cert.cpp	src/deep2	1	IMPLEMENT
src/deep2/deep2_k2_live_policy_crossover_cert.cpp	src/deep2	1	IMPLEMENT
src/deep2/deep2_k2_live_policy_e2e_cert.cpp	src/deep2	1	IMPLEMENT
src/deep2/deep2_k2_gpu_stream_copy_cert.cpp	src/deep2	1	IMPLEMENT
src/deep2/deep2_k2_gpu_copy_compute_overlap_cert.cpp	src/deep2	1	IMPLEMENT
src/deep2/deep2_k2_live_gpu_stream_e2e_cert.cpp	src/deep2	1	IMPLEMENT
src/deep2/deep2_k2_gpu_stream_compute_cert.cpp	src/deep2	1	IMPLEMENT
src/deep2/deep2_k2_gpu_stream_mla_cert.cpp	src/deep2	1	IMPLEMENT
src/deep2/deep2_k2_gpu_mla_full_cert.cpp	src/deep2	1	IMPLEMENT
src/deep2/deep2_k2_gpu_mla_full_depth_cert.cpp	src/deep2	1	IMPLEMENT
src/deep2/deep2_k2_gpu_mla_re_cert.cpp	src/deep2	1	IMPLEMENT
src/deep2/deep2_k2_stream_miss_reality_cert.cpp	src/deep2	1	IMPLEMENT
src/deep2/deep2_deepseek_live_gen_perf_cert.cpp	src/deep2	1	IMPLEMENT
src/deep2/deep2_local_agent_audit_001.cpp	src/deep2	1	IMPLEMENT
src/deep2/p0_process_alive_001.cpp	src/deep2	1	IMPLEMENT
src/deep2/vwa_range_contract_001.cpp	src/deep2	1	IMPLEMENT
src/deep2/deep2_k2_logits_vwa_lineage_001.cpp	src/deep2	1	IMPLEMENT
src/deep2/vwa_address_contract_001.cpp	src/deep2	1	IMPLEMENT
src/deep2/vwa_poc_1_001.cpp	src/deep2	1	IMPLEMENT
src/asm/Deep2R1_Smoke.asm	src/asm	1	IMPLEMENT
src/asm/Deep2OuterSmoke.asm	src/asm	1	IMPLEMENT
src/deep2/deep2_outer_engine_bridge_cert.cpp	src/deep2	1	IMPLEMENT
src/deep2/Deep2OuterEngineBridge.cpp	src/deep2	1	IMPLEMENT
src/deep2/deep2_live_path_effectiveness_cert.cpp	src/deep2	1	IMPLEMENT
src/deep2/deep2_live_path_fused_control_cert.cpp	src/deep2	1	IMPLEMENT
src/deep2/LivePathFusedCert_Arm.cpp	src/deep2	1	IMPLEMENT
src/deep2/deep2_live_path_interaction_bounds_cert.cpp	src/deep2	1	IMPLEMENT
src/deep2/deep2_k2_full_depth_effectiveness_cert.cpp	src/deep2	1	IMPLEMENT
src/deep2/deep2_k2_full_depth_combined_policy_cert.cpp	src/deep2	1	IMPLEMENT
src/deep2/K2FullDepthCombined_Arm.cpp	src/deep2	1	IMPLEMENT
src/deep2/K2FullDepthCombined_Proof.cpp	src/deep2	1	IMPLEMENT
src/deep2/deep2_k2_full_depth_trampoline_promotion_cert.cpp	src/deep2	1	IMPLEMENT
src/deep2/deep2_k2_full_depth_fused_rebench_cert.cpp	src/deep2	1	IMPLEMENT
src/deep2/deep2_k2_trampoline_full_depth_opt_cert.cpp	src/deep2	1	IMPLEMENT
src/deep2/deep2_k2_auto_workload_policy_cert.cpp	src/deep2	1	IMPLEMENT
src/deep2/deep2_k2_e2e_model_size_matrix_cert.cpp	src/deep2	1	IMPLEMENT
src/deep2/deep2_k2_live_generate_policy_cert.cpp	src/deep2	1	IMPLEMENT
src/deep2/deep2_k2_live_policy_split_cert.cpp	src/deep2	1	IMPLEMENT
src/deep2/deep2_k2_policy_hysteresis_cert.cpp	src/deep2	1	IMPLEMENT
src/deep2/deep2_k2_mla_rebench_promote_cert.cpp	src/deep2	1	IMPLEMENT
src/deep2/deep2_k2_mla_reuse_promote_cert.cpp	src/deep2	1	IMPLEMENT
src/deep2/deep2_k2_mla_full_depth_soak_cert.cpp	src/deep2	1	IMPLEMENT
src/deep2/deep2_k2_live_decode_mla_cert.cpp	src/deep2	1	IMPLEMENT
certs/mla_cert_001.cpp	certs/mla_cert_001.cpp	1	IMPLEMENT
src/deep2/deep2_k2_mla_fused_q4kt_cert.cpp	src/deep2	1	IMPLEMENT
src/deep2/deep2_k2_shard_attn_residency_cert.cpp	src/deep2	1	IMPLEMENT
src/deep2/deep2_k2_logits_q6k_resident_cert.cpp	src/deep2	1	IMPLEMENT
src/deep2/deep2_k2_mla_kv_expand_cert.cpp	src/deep2	1	IMPLEMENT
src/deep2/deep2_k2_mla_kv_expand_opt_cert.cpp	src/deep2	1	IMPLEMENT
src/deep2/deep2_k2_mla_qkv_proj_cert.cpp	src/deep2	1	IMPLEMENT
src/deep2/deep2_k2_mla_qa_critical_cert.cpp	src/deep2	1	IMPLEMENT
src/deep2/deep2_ucf_bounce_smoke.cpp	src/deep2	1	IMPLEMENT
src/deep2/deep2_ucf_no_stale_dispatch_001.cpp	src/deep2	1	IMPLEMENT
src/deep2/deep2_ucf_read_converge_001.cpp	src/deep2	1	IMPLEMENT
src/deep2/deep2_ucf_logits_range_bounce_001.cpp	src/deep2	1	IMPLEMENT
src/deep2/deep2_ucf_semantic_abi_v1_cert.cpp	src/deep2	1	IMPLEMENT
src/deep2/deep2_ucf_generation_ticket_001.cpp	src/deep2	1	IMPLEMENT
src/deep2/deep2_ucf_gpu_ready_e2e.cpp	src/deep2	1	IMPLEMENT
src/deep2/deep2_ucf_bouncehouse_example.cpp	src/deep2	1	IMPLEMENT
src/deep2/deep2_ucf_halo_spark_001.cpp	src/deep2	1	IMPLEMENT
src/deep2/deep2_rmv_mount_001.cpp	src/deep2	1	IMPLEMENT
src/deep2/deep2_vwa_e2e_001.cpp	src/deep2	1	IMPLEMENT
src/deep2/vwa/VwaScheduler_Fulfill.cpp	src/deep2	1	IMPLEMENT
src/deep2/vwa/VwaScheduler_Lease.cpp	src/deep2	1	IMPLEMENT
src/deep2/deep2_vwa_range_contract_001.cpp	src/deep2	1	IMPLEMENT
src/deep2/deep2_vwa_poc_1_001.cpp	src/deep2	1	IMPLEMENT
src/deep2/deep2_vwa_iocp_range_001.cpp	src/deep2	1	IMPLEMENT
src/deep2/deep2_ucf_mobility_fault_001.cpp	src/deep2	1	IMPLEMENT
src/deep2/deep2_k2_semantic_seal_cert.cpp	src/deep2	1	IMPLEMENT
src/deep2/deep2_k2_serverless_stream_latency_cert.cpp	src/deep2	1	IMPLEMENT
src/deep2/deep2_k2_live_decode_sustained_cert.cpp	src/deep2	1	IMPLEMENT
src/deep2/deep2_k2_wall_attribution_cert.cpp	src/deep2	1	IMPLEMENT
src/deep2/deep2_k2_logits_climb_cert.cpp	src/deep2	1	IMPLEMENT
src/deep2/deep2_k2_trygpu_logits_split_cert.cpp	src/deep2	1	IMPLEMENT
src/deep2/deep2_k2_logits_gpu_range_attribution_001.cpp	src/deep2	1	IMPLEMENT
src/deep2/rawrxd_run_modelname_001.cpp	src/deep2	1	IMPLEMENT
src/deep2/rawr_run.cpp	src/deep2	1	IMPLEMENT
src/cli/RawrCommandAuthority.cpp	src/cli	1	IMPLEMENT
src/cli/ReverseAssemblyEngine.cpp	src/cli	1	IMPLEMENT
src/cli/RawrDumpAuthority.cpp	src/cli	1	IMPLEMENT
src/cli/RawrDumpInitConfig.cpp	src/cli	1	IMPLEMENT
src/cli/RawrDumpRebuild.cpp	src/cli	1	IMPLEMENT
src/models/ModelCatalogAuthority.cpp	src/models	1	IMPLEMENT
src/models/ModelClassificationAuthority.cpp	src/models	1	IMPLEMENT
src/models/OllamaCatalogReader.cpp	src/models	1	IMPLEMENT
src/models/GgufMetadataProbe.cpp	src/models	1	IMPLEMENT
src/models/RawrDumpRules.cpp	src/models	1	IMPLEMENT
src/agentmodes/ImmutableReceiptAuthority.cpp	src/agentmodes	1	IMPLEMENT
src/agent/AgentCore.cpp	src/agent	1	IMPLEMENT
src/agent/ResponseCodedAgent.cpp	src/agent	1	IMPLEMENT
src/agentmodes/AgentModeRegistry.cpp	src/agentmodes	1	IMPLEMENT
src/agentmodes/RawrAuditAuthority.cpp	src/agentmodes	1	IMPLEMENT
src/agentmodes/RawrReceiptValidator.cpp	src/agentmodes	1	IMPLEMENT
src/agentmodes/RawrGateVerifier.cpp	src/agentmodes	1	IMPLEMENT
src/agentmodes/RawrCertAuthority.cpp	src/agentmodes	1	IMPLEMENT
src/agentmodes/RawrFailureLedger.cpp	src/agentmodes	1	IMPLEMENT
src/agentmodes/RawrModesCli.cpp	src/agentmodes	1	IMPLEMENT
src/repointel/RepoIntelCli.cpp	src/repointel	1	IMPLEMENT
src/deep2/deep2_k2_useful_tps_001.cpp	src/deep2	1	IMPLEMENT
certs/rawrxd_sampler_combined_oob_001.cpp	certs/rawrxd_sampler_combined_oob_001.cpp	1	IMPLEMENT
certs/http_template_marker_probe_001.cpp	certs/http_template_marker_probe_001.cpp	1	IMPLEMENT
certs/http_oracle_suite_001.cpp	certs/http_oracle_suite_001.cpp	1	IMPLEMENT
certs/http_template_format_sweep_001.cpp	certs/http_template_format_sweep_001.cpp	1	IMPLEMENT
src/deep2/deep2_openai_server_main.cpp	src/deep2	1	IMPLEMENT
src/deep2/deep2_openai_server.cpp	src/deep2	1	IMPLEMENT
src/agentic/ToolRegistry.h	src/agentic	1	IMPLEMENT
src/agentic/IdeToolImplementations.cpp	src/agentic	1	GRAPH_RESTORED_EMPTY
include/agentic/AgentToolRegistry.h	include/agentic	1	IMPLEMENT
src/core/ToolRegistry.cpp	src/core	1	IMPLEMENT
src/rawr_agent.cpp	src/rawr_agent.cpp	1	GRAPH_RESTORED_EMPTY
src/deep2/deep2_k2_tps_rainbow_cert.cpp	src/deep2	1	IMPLEMENT
src/deep2/deep2_k2_gpu_mla_slot_reuse_cert.cpp	src/deep2	1	IMPLEMENT
src/deep2/deep2_nu_live_consumer_cert.cpp	src/deep2	1	IMPLEMENT
src/deep2/deep2_k2_gpu_mla_nu_bridge_cert.cpp	src/deep2	1	IMPLEMENT
src/deep2/deep2_nu_perf_cert.cpp	src/deep2	1	IMPLEMENT
src/deep2/deep2_nu_gemv_parity_cert.cpp	src/deep2	1	IMPLEMENT
src/deep2/deep2_nu_gpu_gemv_cert.cpp	src/deep2	1	IMPLEMENT
src/deep2/deep2_nu_pack_format_cert.cpp	src/deep2	1	IMPLEMENT
src/rkc/rkc_deep2_model_authority_cert.cpp	src/rkc	1	GRAPH_RESTORED_EMPTY
src/rkc/rkc_model_inventory_cert.cpp	src/rkc	1	GRAPH_RESTORED_EMPTY
src/rkc/rkc_negative_knowledge_cert.cpp	src/rkc	1	GRAPH_RESTORED_EMPTY
src/rkc/rkc_minimal_source_cert.cpp	src/rkc	1	GRAPH_RESTORED_EMPTY
src/rkc/rkc_code_world_cert.cpp	src/rkc	1	GRAPH_RESTORED_EMPTY
src/rkc/rkc_smoke.cpp	src/rkc	1	GRAPH_RESTORED_EMPTY
src/rkc/rkc_product_context_smoke.cpp	src/rkc	1	GRAPH_RESTORED_EMPTY
src/deep2/deep2_giant_moe_paragraph_perf_cert.cpp	src/deep2	1	IMPLEMENT
src/agentic/agent_runtime_batch1_cert.cpp	src/agentic	1	IMPLEMENT
src/deep2/deep2_placement_cost_cert.cpp	src/deep2	1	IMPLEMENT
src/deep2/deep2_mars_e2e.cpp	src/deep2	1	IMPLEMENT
src/deep2/mars/test_mars_controller.cpp	src/deep2	1	IMPLEMENT
src/deep2/deep2_execution_policy_smoke.cpp	src/deep2	1	IMPLEMENT
src/deep2/p1_ide_exec_policy_apply_001.cpp	src/deep2	1	IMPLEMENT
src/deep2/p1_ide_exec_policy_live_gguf_001.cpp	src/deep2	1	IMPLEMENT
src/deep2/p1_real_speedup_001.cpp	src/deep2	1	IMPLEMENT
src/deep2/p1_repeatability_trial_validity_diag_001.cpp	src/deep2	1	IMPLEMENT
src/deep2/p1_policy_sha_lifecycle_diag_001.cpp	src/deep2	1	IMPLEMENT
src/deep2/p1_repeatability_state_drift_diag_001.cpp	src/deep2	1	IMPLEMENT
src/win32app/p1_ui_encoding_cert.cpp	src/win32app	1	GRAPH_RESTORED_EMPTY
src/win32app/p1_ui_menu_e2e_cert.cpp	src/win32app	1	GRAPH_RESTORED_EMPTY
src/win32app/p1_ui_sidebar_encoding_cert.cpp	src/win32app	1	GRAPH_RESTORED_EMPTY
src/win32app/p1_ui_menu_lifetime_cert.cpp	src/win32app	1	GRAPH_RESTORED_EMPTY
src/deep2/deep2_parity_cert.cpp	src/deep2	1	IMPLEMENT
src/agentic/ide_agent_loop_cert.cpp	src/agentic	1	IMPLEMENT
src/deep2/test_deterministic_replay.cpp	src/deep2	1	IMPLEMENT
src/deep2/dump_qwen35_meta.cpp	src/deep2	1	IMPLEMENT
src/agentic/rawrxd_agentic_runtime_all.cpp	src/agentic	1	IMPLEMENT
tests/hexmag_repeat_tuner_cert.cpp	tests/hexmag_repeat_tuner_cert.cpp	1	IMPLEMENT
tests/hexmag_ide_e2e_cert.cpp	tests/hexmag_ide_e2e_cert.cpp	1	IMPLEMENT
tests/hexmag_runtime_controller_cert.cpp	tests/hexmag_runtime_controller_cert.cpp	1	IMPLEMENT
src/deep2/layer_harness.cpp	src/deep2	1	IMPLEMENT
src/deep2/test_l10_ffn_inp_same_source.cpp	src/deep2	1	IMPLEMENT
src/deep2/qwen35_attn_contract.cpp	src/deep2	1	IMPLEMENT
src/deep2/test_val_051_3_multi_token.cpp	src/deep2	1	IMPLEMENT
tests/val_051_5_fifteen_token.cpp	tests/val_051_5_fifteen_token.cpp	1	IMPLEMENT
tests/val_051_5_diag_1_token.cpp	tests/val_051_5_diag_1_token.cpp	1	IMPLEMENT
src/deep2/ResidencyLease.cpp	src/deep2	1	IMPLEMENT
src/deep2/VAL0517BaselineFixture.cpp	src/deep2	1	IMPLEMENT
tests/val_bp16_int_1_token.cpp	tests/val_bp16_int_1_token.cpp	1	IMPLEMENT
tests/val_051_5_q6k_synthetic.cpp	tests/val_051_5_q6k_synthetic.cpp	1	IMPLEMENT
tests/val_051_5_bp16_streamer.cpp	tests/val_051_5_bp16_streamer.cpp	1	IMPLEMENT
tests/val_051_5_bp16_e2e.cpp	tests/val_051_5_bp16_e2e.cpp	1	IMPLEMENT
tests/val_051_5_bp16_compare.cpp	tests/val_051_5_bp16_compare.cpp	1	IMPLEMENT
tests/val_051_5_bp16_weights.cpp	tests/val_051_5_bp16_weights.cpp	1	IMPLEMENT
tests/val_051_5_bp16_verify.cpp	tests/val_051_5_bp16_verify.cpp	1	IMPLEMENT
tests/val_051_5_bp16_logits.cpp	tests/val_051_5_bp16_logits.cpp	1	IMPLEMENT
tests/val_051_6_bp16_perf.cpp	tests/val_051_6_bp16_perf.cpp	1	IMPLEMENT
tests/val_051_7_bp16_profile.cpp	tests/val_051_7_bp16_profile.cpp	1	IMPLEMENT
tests/val_051_7_bp16_lightweight_profile.cpp	tests/val_051_7_bp16_lightweight_profile.cpp	1	IMPLEMENT
tests/minimal_1token_profiler.cpp	tests/minimal_1token_profiler.cpp	1	IMPLEMENT
tests/quick_1layer_profiler.cpp	tests/quick_1layer_profiler.cpp	1	IMPLEMENT
tests/q4k_gemv_bench.cpp	tests/q4k_gemv_bench.cpp	1	IMPLEMENT
tests/q5k_gemv_bench.cpp	tests/q5k_gemv_bench.cpp	1	IMPLEMENT
tests/val_051_5_bp16_diag.cpp	tests/val_051_5_bp16_diag.cpp	1	IMPLEMENT
tests/val_051_5_bp16_bench.cpp	tests/val_051_5_bp16_bench.cpp	1	IMPLEMENT
tests/val_051_5_bp16_loadbench.cpp	tests/val_051_5_bp16_loadbench.cpp	1	IMPLEMENT
tests/val_051_5_q4k_fused_verify.cpp	tests/val_051_5_q4k_fused_verify.cpp	1	IMPLEMENT
tests/val_051_5_q4k_gemv_bench.cpp	tests/val_051_5_q4k_gemv_bench.cpp	1	IMPLEMENT
tests/val_051_5_q2k_gemv_verify.cpp	tests/val_051_5_q2k_gemv_verify.cpp	1	IMPLEMENT
tests/val_051_5_q2k_gemv_bench.cpp	tests/val_051_5_q2k_gemv_bench.cpp	1	IMPLEMENT
tests/val_051_5_q5k_gemv_verify.cpp	tests/val_051_5_q5k_gemv_verify.cpp	1	IMPLEMENT
tests/val_051_5_q5k_gemv_bench.cpp	tests/val_051_5_q5k_gemv_bench.cpp	1	IMPLEMENT
tests/val_051_5_q5k_forward_bench.cpp	tests/val_051_5_q5k_forward_bench.cpp	1	IMPLEMENT
tests/val_051_8_linearw_thread_scaling.cpp	tests/val_051_8_linearw_thread_scaling.cpp	1	IMPLEMENT
tests/val_051_8_layer_profile.cpp	tests/val_051_8_layer_profile.cpp	1	IMPLEMENT
tests/val_051_5_q2k_profile.cpp	tests/val_051_5_q2k_profile.cpp	1	IMPLEMENT
src/sovereign/tests/SovereignTest_PatchRegistry.cpp	src/sovereign	1	GRAPH_RESTORED_EMPTY
src/sovereign/patcher/HotPatcher.cpp	src/sovereign	1	GRAPH_RESTORED_EMPTY
src/sovereign/tests/SovereignTest_HotPatcher.cpp	src/sovereign	1	GRAPH_RESTORED_EMPTY
src/sovereign/session/SessionStore.cpp	src/sovereign	1	GRAPH_RESTORED_EMPTY
src/sovereign/agent/AgentGraphRuntime.cpp	src/sovereign	1	GRAPH_RESTORED_EMPTY
src/sovereign/agent/AutonomousAgent.cpp	src/sovereign	1	GRAPH_RESTORED_EMPTY
src/sovereign/tool/ToolRegistry.cpp	src/sovereign	1	GRAPH_RESTORED_EMPTY
src/sovereign/tests/SovereignTest_AutonomousAgent.cpp	src/sovereign	1	GRAPH_RESTORED_EMPTY
src/sovereign/tests/SovereignTest_AntiHallucination.cpp	src/sovereign	1	GRAPH_RESTORED_EMPTY
tests/test_autonomous_pipeline.cpp	tests/test_autonomous_pipeline.cpp	1	IMPLEMENT
src/app/cli_entrypoint.cpp	src/app	1	IMPLEMENT
src/cpu_inference_engine_autofix_stub.cpp	src/cpu_inference_engine_autofix_stub.cpp	1	IMPLEMENT
src/deep2/ResidencyTrace.asm	src/deep2	1	IMPLEMENT
src/deep2/sovereign_q4_0_gemv.asm	src/deep2	1	IMPLEMENT
src/deep2/sovereign_fp8_gemv.asm	src/deep2	1	IMPLEMENT
src/deep2/sovereign_iq2_xxs_gemv.asm	src/deep2	1	IMPLEMENT
src/deep2/sovereign_iq3_xxs_gemv.asm	src/deep2	1	IMPLEMENT
src/deep2/sovereign_iq4_nl_gemv.asm	src/deep2	1	IMPLEMENT
src/deep2/Sovereign_Attention_KV_AVX512.asm	src/deep2	1	IMPLEMENT
src/benchmark/Fix3_NHWC_Benchmark_Stub.cpp	src/benchmark	1	GRAPH_RESTORED_EMPTY
src/benchmark/tree_attention_masm_val038.asm	src/benchmark	1	IMPLEMENT
src/tools/RawrXD_TpsSmoke.cpp	src/tools	1	IMPLEMENT
src/core/model_anatomy.cpp	src/core	1	IMPLEMENT
src/core/neurological_diff.cpp	src/core	1	IMPLEMENT
src/tests/swarm_smoke_stubs.cpp	src/tests	1	GRAPH_RESTORED_EMPTY
src/tests/backend_orchestrator_shard_smoke_stubs.cpp	src/tests	1	GRAPH_RESTORED_EMPTY
tests/autonomy/recovery/GoldenRecoveryTests.cpp	tests/autonomy	1	IMPLEMENT
src/shell/ShellAuthority.cpp	src/shell	1	IMPLEMENT
src/agent/AgentBridge.cpp	src/agent	1	IMPLEMENT
tools/address_resolver_native.cpp	tools/address_resolver_native.cpp	1	GRAPH_RESTORED_EMPTY
src/script/debug/minimal_dap_server.cpp	src/script	1	GRAPH_RESTORED_EMPTY
src/kernels/q4_preprocessed_avx512.asm	src/kernels	1	IMPLEMENT
src/profiling/pmc_profiler.cpp	src/profiling	1	GRAPH_RESTORED_EMPTY
src/profiling/flame_graph.cpp	src/profiling	1	GRAPH_RESTORED_EMPTY
src/soloide/main.cpp	src/soloide	1	GRAPH_RESTORED_EMPTY
src/soloide/Core/Bus.cpp	src/soloide	1	GRAPH_RESTORED_EMPTY
src/soloide/UI/SoloIDE.cpp	src/soloide	1	GRAPH_RESTORED_EMPTY
src/soloide/UI/Panels/EditorPanel.cpp	src/soloide	1	GRAPH_RESTORED_EMPTY
src/soloide/UI/Panels/ChatPanel.cpp	src/soloide	1	GRAPH_RESTORED_EMPTY
src/soloide/UI/Panels/DebugPanel.cpp	src/soloide	1	GRAPH_RESTORED_EMPTY
src/soloide/UI/Panels/TerminalPanel.cpp	src/soloide	1	GRAPH_RESTORED_EMPTY
src/soloide/UI/Panels/ProjectPanel.cpp	src/soloide	1	GRAPH_RESTORED_EMPTY
src/soloide/UI/Panels/StatusPanel.cpp	src/soloide	1	GRAPH_RESTORED_EMPTY
src/soloide/AI/CompletionEngine.cpp	src/soloide	1	GRAPH_RESTORED_EMPTY
src/soloide/AI/AdvancedCodingAgent.cpp	src/soloide	1	GRAPH_RESTORED_EMPTY
src/soloide/AI/MultiModalModelRouter.cpp	src/soloide	1	GRAPH_RESTORED_EMPTY
src/soloide/Debug/DAPClient.cpp	src/soloide	1	GRAPH_RESTORED_EMPTY
src/soloide/LSP/LSPClient.cpp	src/soloide	1	GRAPH_RESTORED_EMPTY
src/soloide/Core/Bus.hpp	src/soloide	1	IMPLEMENT
src/soloide/UI/SoloIDE.hpp	src/soloide	1	IMPLEMENT
src/soloide/UI/Panels/EditorPanel.hpp	src/soloide	1	IMPLEMENT
src/soloide/UI/Panels/ChatPanel.hpp	src/soloide	1	IMPLEMENT
src/soloide/UI/Panels/DebugPanel.hpp	src/soloide	1	IMPLEMENT
src/soloide/UI/Panels/TerminalPanel.hpp	src/soloide	1	IMPLEMENT
src/soloide/UI/Panels/ProjectPanel.hpp	src/soloide	1	IMPLEMENT
src/soloide/UI/Panels/StatusPanel.hpp	src/soloide	1	IMPLEMENT
src/soloide/AI/CompletionEngine.hpp	src/soloide	1	IMPLEMENT
src/soloide/AI/AdvancedCodingAgent.hpp	src/soloide	1	IMPLEMENT
src/soloide/AI/MultiModalModelRouter.hpp	src/soloide	1	IMPLEMENT
src/soloide/Debug/DAPClient.hpp	src/soloide	1	IMPLEMENT
src/soloide/LSP/LSPClient.hpp	src/soloide	1	IMPLEMENT
tests/test_generation.cpp	tests/test_generation.cpp	1	IMPLEMENT
tests/test_llama_native.cpp	tests/test_llama_native.cpp	1	IMPLEMENT
tests/deep2_link_stubs.cpp	tests/deep2_link_stubs.cpp	1	IMPLEMENT
tests/k2_runtime_validation.cpp	tests/k2_runtime_validation.cpp	1	IMPLEMENT
tests/test_q4k_decoder.cpp	tests/test_q4k_decoder.cpp	1	IMPLEMENT
tests/k2_native_smoke_test.cpp	tests/k2_native_smoke_test.cpp	1	IMPLEMENT
tests/k2_002_tensor_streaming.cpp	tests/k2_002_tensor_streaming.cpp	1	IMPLEMENT
tests/k2_003_layer_execution.cpp	tests/k2_003_layer_execution.cpp	1	IMPLEMENT
tests/k2_003b_native_gemv_validation.cpp	tests/k2_003b_native_gemv_validation.cpp	1	IMPLEMENT
tests/k2_003c_single_layer_forward.cpp	tests/k2_003c_single_layer_forward.cpp	1	IMPLEMENT
tests/k2_004_bounded_prefill.cpp	tests/k2_004_bounded_prefill.cpp	1	IMPLEMENT
tests/k2_004_bounded_multi_layer_prefill.cpp	tests/k2_004_bounded_multi_layer_prefill.cpp	1	IMPLEMENT
tests/k2_005_autoregressive_kv_cache.cpp	tests/k2_005_autoregressive_kv_cache.cpp	1	IMPLEMENT
tests/k2_006_bounded_token_generation.cpp	tests/k2_006_bounded_token_generation.cpp	1	IMPLEMENT
tests/k2_007_real_output_projection.cpp	tests/k2_007_real_output_projection.cpp	1	IMPLEMENT
tests/k2_007b_projection_logits_interface.cpp	tests/k2_007b_projection_logits_interface.cpp	1	IMPLEMENT
tests/k2_008_end_to_end_semantic_generation.cpp	tests/k2_008_end_to_end_semantic_generation.cpp	1	IMPLEMENT
tests/k2_009_token_embedding_lookup.cpp	tests/k2_009_token_embedding_lookup.cpp	1	IMPLEMENT
tests/b004_transformer_router_streaming_integration.cpp	tests/b004_transformer_router_streaming_integration.cpp	1	IMPLEMENT
tests/b005_canonical_model_certification.cpp	tests/b005_canonical_model_certification.cpp	1	IMPLEMENT
src/canonical/gguf_adapter.cpp	src/canonical	1	IMPLEMENT
src/canonical/unified_model_loader.cpp	src/canonical	1	IMPLEMENT
tests/b006_kv_cache_verification.cpp	tests/b006_kv_cache_verification.cpp	1	IMPLEMENT
tests/b007_performance_baseline.cpp	tests/b007_performance_baseline.cpp	1	IMPLEMENT
tests/b008_ci_integration.cpp	tests/b008_ci_integration.cpp	1	IMPLEMENT
tests/b010/b010_weight_residency_profile.cpp	tests/b010	1	IMPLEMENT
tests/b011_weight_residency_optimization.cpp	tests/b011_weight_residency_optimization.cpp	1	IMPLEMENT
tests/b015/b015_residency_validation.cpp	tests/b015	1	IMPLEMENT
tests/b015/b015_pool_microbench.cpp	tests/b015	1	IMPLEMENT
tests/b015/b015_pool_direct_test.cpp	tests/b015	1	IMPLEMENT
tests/b010_b011_fast_experiment.cpp	tests/b010_b011_fast_experiment.cpp	1	IMPLEMENT
tests/b009/b009_batched_prefill_certification.cpp	tests/b009	1	IMPLEMENT
tests/b009/b009a_fast_validation.cpp	tests/b009	1	IMPLEMENT
tests/b009/b009_t128_certification.cpp	tests/b009	1	IMPLEMENT
tests/b016/b016_gemm_efficiency_probe.cpp	tests/b016	1	IMPLEMENT
tests/b009/b009_t128_instrumented.cpp	tests/b009	1	IMPLEMENT
src/deep2/test_v_proj_parity.cpp	src/deep2	1	IMPLEMENT
src/deep2/RealGGUFParity.cpp	src/deep2	1	IMPLEMENT
src/deep2/test_attn_out_bisect.cpp	src/deep2	1	IMPLEMENT
src/deep2/test_o_proj_gemv.cpp	src/deep2	1	IMPLEMENT
src/deep2/test_o_proj_mulmat_002.cpp	src/deep2	1	IMPLEMENT
src/deep2/_probe_chat_quality.cpp	src/deep2	1	IMPLEMENT
tools/ev512_ide_gui_lifecycle_smoke.cpp	tools/ev512_ide_gui_lifecycle_smoke.cpp	1	IMPLEMENT
tools/ev512_ops_remaining_smoke.cpp	tools/ev512_ops_remaining_smoke.cpp	1	IMPLEMENT
tools/ev512_ide_workflow_smoke.cpp	tools/ev512_ide_workflow_smoke.cpp	1	IMPLEMENT
tools/ev512_ide_restore_reload_fault_smoke.cpp	tools/ev512_ide_restore_reload_fault_smoke.cpp	1	IMPLEMENT
src/authority/SingleWriterAuthority.cpp	src/authority	1	IMPLEMENT
tools/single_writer_adversarial_test.cpp	tools/single_writer_adversarial_test.cpp	1	IMPLEMENT
tools/ckpt_rollback_crash_cert.cpp	tools/ckpt_rollback_crash_cert.cpp	1	IMPLEMENT
tools/decode_step_instrument.cpp	tools/decode_step_instrument.cpp	1	IMPLEMENT
tools/server_generation_parity.cpp	tools/server_generation_parity.cpp	1	IMPLEMENT
tools/mla_upload_contract_cert.cpp	tools/mla_upload_contract_cert.cpp	1	IMPLEMENT
tools/mla_forward_chain_cert.cpp	tools/mla_forward_chain_cert.cpp	1	IMPLEMENT
tools/deep2_generation_lifecycle_test.cpp	tools/deep2_generation_lifecycle_test.cpp	1	IMPLEMENT
tools/deep2_ssm_norm_layout_gate.cpp	tools/deep2_ssm_norm_layout_gate.cpp	1	IMPLEMENT
src/deep2/vulkan_compute.h	src/deep2	1	IMPLEMENT
tools/deep2_model_registry_admission_test.cpp	tools/deep2_model_registry_admission_test.cpp	1	IMPLEMENT
tools/deep2_loader_admission_probe.cpp	tools/deep2_loader_admission_probe.cpp	1	IMPLEMENT
tools/deep2_canonical_inference_probe.cpp	tools/deep2_canonical_inference_probe.cpp	1	IMPLEMENT
tools/q4k_gemv_parity.cpp	tools/q4k_gemv_parity.cpp	1	IMPLEMENT
tools/q3k_block_diff.cpp	tools/q3k_block_diff.cpp	1	IMPLEMENT
tools/prepared_cache_unit.cpp	tools/prepared_cache_unit.cpp	1	IMPLEMENT
tools/thread_geometry_probe.cpp	tools/thread_geometry_probe.cpp	1	IMPLEMENT
src/deep2/k_quant_gemv_avx512.h	src/deep2	1	IMPLEMENT
tools/repo_intelligence_cert.cpp	tools/repo_intelligence_cert.cpp	1	IMPLEMENT
tools/semantic_code_intelligence_cert.cpp	tools/semantic_code_intelligence_cert.cpp	1	IMPLEMENT
tools/git_safety_authority_cert.cpp	tools/git_safety_authority_cert.cpp	1	IMPLEMENT
src/agentic/GitSafetyAuthority.h	src/agentic	1	IMPLEMENT
src/agentic/GitSafetyAuthorityTools.h	src/agentic	1	IMPLEMENT
src/agentic/CommandExecutor.h	src/agentic	1	GRAPH_RESTORED_EMPTY
src/deep2/AgentToolRegistry.hpp	src/deep2	1	IMPLEMENT
src/deep2/ReceiptAuthority.h	src/deep2	1	IMPLEMENT
src/core/command_registry.hpp	src/core	1	IMPLEMENT
tools/refactor_chain_cert.cpp	tools/refactor_chain_cert.cpp	1	IMPLEMENT
tools/model_tool_protocol_cert.cpp	tools/model_tool_protocol_cert.cpp	1	IMPLEMENT
src/streamer/ModelInventory.cpp	src/streamer	1	IMPLEMENT
src/deep2/Deep2StackGuard.cpp	src/deep2	1	IMPLEMENT
src/deep2/Layer0Guard.cpp	src/deep2	1	IMPLEMENT
tools/deep2_streamer_parity.cpp	tools/deep2_streamer_parity.cpp	1	IMPLEMENT
certs/direct_io_probe_001.cpp	certs/direct_io_probe_001.cpp	1	IMPLEMENT
certs/rawr_dog_harness.cpp	certs/rawr_dog_harness.cpp	1	IMPLEMENT
tools/reverse_assembly_cert.cpp	tools/reverse_assembly_cert.cpp	1	IMPLEMENT
