PATH	AREA	CLASS	DISPOSITION_REQUIRED
src/serve/rawrxd_serve.cpp	src/serve
src/serve/rawrxd_model_registry.cpp	src/serve
src/serve/rawrxd_serve_inference_plugin.cpp	src/serve
src/serve/inference_plugin_backend.cpp	src/serve
src/serve/rawrxd_pipe_server.cpp	src/serve
src/serve/rawrxd_pipe_server_stubs.cpp	src/serve
src/model_config.cpp	src/model_config.cpp
src/test_harness/replay_fixture.cpp	src/test_harness
src/test_harness/replay_oracle.cpp	src/test_harness
src/test_harness/replay_mock_inference.cpp	src/test_harness
src/test_harness/replay_harness.cpp	src/test_harness
src/test_harness/replay_reporter.cpp	src/test_harness
src/swarm/InfinitePerfectionTelemetry.cpp	src/swarm
src/swarm/InfinitePerfectionTelemetrySQLite.cpp	src/swarm
src/swarm/TelemetryDashboardServer.cpp	src/swarm
src/swarm/IDEIntegration.cpp	src/swarm
src/swarm/LearningSimulator.cpp	src/swarm
src/ui/entry_point.cpp	src/ui
src/core/gold_link_closure.cpp	src/core
src/ide/Deep2Bridge.cpp	src/ide
src/ide/ANSIColorParser.cpp	src/ide
src/ide/FindReplaceDialog.cpp	src/ide
src/ide/GitCommitDialog.cpp	src/ide
src/ide/GitDiffViewer.cpp	src/ide
src/llm_adapter/ggufrunner_link_fallbacks.cpp	src/llm_adapter
src/win32app/collab_cursor_fallbacks.cpp	src/win32app
src/win32app/Win32IDE_headless_stubs.cpp	src/win32app
src/stubs.cpp	src/stubs.cpp
src/security/uac_bypass_impl_stub.cpp	src/security
src/sovereign/tests/SovereignTest_Main.cpp	src/sovereign
src/sovereign/tests/SovereignTest_AtomicRollback.cpp	src/sovereign
src/sovereign/tests/SovereignTest_CacheCoherency.cpp	src/sovereign
src/sovereign/tests/SovereignTest_Correctness.cpp	src/sovereign
src/sovereign/tests/SovereignTest_VAL038_E2E.cpp	src/sovereign
src/sovereign/tests/SovereignTest_Deep2_Batch.cpp	src/sovereign
src/rkc/rkc_deep2_model_authority_cert.cpp	src/rkc
src/rkc/rkc_model_inventory_cert.cpp	src/rkc
src/rkc/rkc_negative_knowledge_cert.cpp	src/rkc
src/rkc/rkc_minimal_source_cert.cpp	src/rkc
src/rkc/rkc_code_world_cert.cpp	src/rkc
src/rkc/rkc_smoke.cpp	src/rkc
src/rkc/rkc_product_context_smoke.cpp	src/rkc
src/win32app/p1_ui_encoding_cert.cpp	src/win32app
src/win32app/p1_ui_menu_e2e_cert.cpp	src/win32app
src/win32app/p1_ui_sidebar_encoding_cert.cpp	src/win32app
src/win32app/p1_ui_menu_lifetime_cert.cpp	src/win32app
src/sovereign/tests/SovereignTest_PatchRegistry.cpp	src/sovereign
src/sovereign/patcher/HotPatcher.cpp	src/sovereign
src/sovereign/tests/SovereignTest_HotPatcher.cpp	src/sovereign
src/sovereign/session/SessionStore.cpp	src/sovereign
src/sovereign/agent/AgentGraphRuntime.cpp	src/sovereign
src/sovereign/agent/AutonomousAgent.cpp	src/sovereign
src/sovereign/tool/ToolRegistry.cpp	src/sovereign
src/sovereign/tests/SovereignTest_AutonomousAgent.cpp	src/sovereign
src/sovereign/tests/SovereignTest_AntiHallucination.cpp	src/sovereign
tools/address_resolver_native.cpp	tools/address_resolver_native.cpp
src/script/debug/minimal_dap_server.cpp	src/script
src/profiling/pmc_profiler.cpp	src/profiling
src/profiling/flame_graph.cpp	src/profiling
src/soloide/main.cpp	src/soloide
src/soloide/Core/Bus.cpp	src/soloide
src/soloide/UI/SoloIDE.cpp	src/soloide
src/soloide/UI/Panels/EditorPanel.cpp	src/soloide
src/soloide/UI/Panels/ChatPanel.cpp	src/soloide
src/soloide/UI/Panels/DebugPanel.cpp	src/soloide
src/soloide/UI/Panels/TerminalPanel.cpp	src/soloide
src/soloide/UI/Panels/ProjectPanel.cpp	src/soloide
src/soloide/UI/Panels/StatusPanel.cpp	src/soloide
src/soloide/AI/CompletionEngine.cpp	src/soloide
src/soloide/AI/AdvancedCodingAgent.cpp	src/soloide
src/soloide/AI/MultiModalModelRouter.cpp	src/soloide
src/soloide/Debug/DAPClient.cpp	src/soloide
src/soloide/LSP/LSPClient.cpp	src/soloide
src/agentic/CommandExecutor.h	src/agentic
IMPLEMENT or WITHHELD-target or RETIRE-from-graph
