TARGET	INLINE_SOURCES	HOLLOW_INLINE	LEAK_INLINE	LEAK_PATHS	HOLLOW_PATHS
rawrxd-serve	18	6	6	src/serve/rawrxd_serve.cpp|src/serve/rawrxd_model_registry.cpp|src/serve/rawrxd_serve_inference_plugin.cpp|src/serve/inference_plugin_backend.cpp|src/serve/rawrxd_pipe_server.cpp|src/serve/rawrxd_pipe_server_stubs.cpp	src/serve/rawrxd_serve.cpp|src/serve/rawrxd_model_registry.cpp|src/serve/rawrxd_serve_inference_plugin.cpp|src/serve/inference_plugin_backend.cpp|src/serve/rawrxd_pipe_server.cpp|src/serve/rawrxd_pipe_server_stubs.cpp
RawrXD-Crypto	2	1	1	src/security/uac_bypass_impl_stub.cpp	src/security/uac_bypass_impl_stub.cpp
SovereignTest_Suite	4	4	4	src/sovereign/tests/SovereignTest_Main.cpp|src/sovereign/tests/SovereignTest_AtomicRollback.cpp|src/sovereign/tests/SovereignTest_CacheCoherency.cpp|src/sovereign/tests/SovereignTest_Correctness.cpp	src/sovereign/tests/SovereignTest_Main.cpp|src/sovereign/tests/SovereignTest_AtomicRollback.cpp|src/sovereign/tests/SovereignTest_CacheCoherency.cpp|src/sovereign/tests/SovereignTest_Correctness.cpp
SovereignTest_VAL038_E2E	1	1	1	src/sovereign/tests/SovereignTest_VAL038_E2E.cpp	src/sovereign/tests/SovereignTest_VAL038_E2E.cpp
Deep2_Batch_Test	1	1	1	src/sovereign/tests/SovereignTest_Deep2_Batch.cpp	src/sovereign/tests/SovereignTest_Deep2_Batch.cpp
rkc_deep2_model_authority_cert	1	1	1	src/rkc/rkc_deep2_model_authority_cert.cpp	src/rkc/rkc_deep2_model_authority_cert.cpp
rkc_model_inventory_cert	1	1	1	src/rkc/rkc_model_inventory_cert.cpp	src/rkc/rkc_model_inventory_cert.cpp
rkc_negative_knowledge_cert	1	1	1	src/rkc/rkc_negative_knowledge_cert.cpp	src/rkc/rkc_negative_knowledge_cert.cpp
rkc_minimal_source_cert	1	1	1	src/rkc/rkc_minimal_source_cert.cpp	src/rkc/rkc_minimal_source_cert.cpp
rkc_code_world_cert	1	1	1	src/rkc/rkc_code_world_cert.cpp	src/rkc/rkc_code_world_cert.cpp
rkc_smoke	1	1	1	src/rkc/rkc_smoke.cpp	src/rkc/rkc_smoke.cpp
rkc_product_context_smoke	1	1	1	src/rkc/rkc_product_context_smoke.cpp	src/rkc/rkc_product_context_smoke.cpp
p1_ui_encoding_cert	1	1	1	src/win32app/p1_ui_encoding_cert.cpp	src/win32app/p1_ui_encoding_cert.cpp
p1_ui_menu_e2e_cert	1	1	1	src/win32app/p1_ui_menu_e2e_cert.cpp	src/win32app/p1_ui_menu_e2e_cert.cpp
p1_ui_sidebar_encoding_cert	1	1	1	src/win32app/p1_ui_sidebar_encoding_cert.cpp	src/win32app/p1_ui_sidebar_encoding_cert.cpp
p1_ui_menu_lifetime_cert	1	1	1	src/win32app/p1_ui_menu_lifetime_cert.cpp	src/win32app/p1_ui_menu_lifetime_cert.cpp
SovereignTest_PatchRegistry	1	1	1	src/sovereign/tests/SovereignTest_PatchRegistry.cpp	src/sovereign/tests/SovereignTest_PatchRegistry.cpp
SovereignTest_HotPatcher	2	2	2	src/sovereign/patcher/HotPatcher.cpp|src/sovereign/tests/SovereignTest_HotPatcher.cpp	src/sovereign/patcher/HotPatcher.cpp|src/sovereign/tests/SovereignTest_HotPatcher.cpp
SovereignTest_AutonomousAgent	5	5	5	src/sovereign/session/SessionStore.cpp|src/sovereign/agent/AgentGraphRuntime.cpp|src/sovereign/agent/AutonomousAgent.cpp|src/sovereign/tool/ToolRegistry.cpp|src/sovereign/tests/SovereignTest_AutonomousAgent.cpp	src/sovereign/session/SessionStore.cpp|src/sovereign/agent/AgentGraphRuntime.cpp|src/sovereign/agent/AutonomousAgent.cpp|src/sovereign/tool/ToolRegistry.cpp|src/sovereign/tests/SovereignTest_AutonomousAgent.cpp
SovereignTest_AntiHallucination	1	1	1	src/sovereign/tests/SovereignTest_AntiHallucination.cpp	src/sovereign/tests/SovereignTest_AntiHallucination.cpp
address_resolver_native	1	1	1	tools/address_resolver_native.cpp	tools/address_resolver_native.cpp
RawrXDScriptDAPAdapter	1	1	1	src/script/debug/minimal_dap_server.cpp	src/script/debug/minimal_dap_server.cpp
pmc_profiler	1	1	1	src/profiling/pmc_profiler.cpp	src/profiling/pmc_profiler.cpp
flame_graph_profiler	1	1	1	src/profiling/flame_graph.cpp	src/profiling/flame_graph.cpp
