PATH,SHA256,LINE_COUNT,CMAKE_REFERENCED,COMPILED_BY_TARGET,SHIPPING_TARGET,TARGETS,HEADER_EXISTS,DECLARED_API,DECLARED_API_PROBE,CALLSITE_COUNT,SYMBOL_REFERENCES,TEST_TARGET,ONLY_SOURCE_OF_TARGET,CURRENT_BUILD_FAILURE,CLASSIFICATION,ACTION,REASON
src/deep2/Deep2APIServer.cpp,b98fd436d20edd27bbfe7f263765b5f9fdf5a85b7c3344c16a3e3719bf9a06c4,1,1,1,RawrXD-Win32IDE,RawrXD-Win32IDE,,0,no_header,0,0,0,,"main_win32.obj : error LNK2019: unresolved external symbol ""class std::basic_string<char,struct std::char_traits<char>,class std::allocator<char> > __cdecl rawrxd::receipt::beginImmutableGate(class st",E_SHIPPING_STUB,CANDIDATE_PROVEN_DEAD_REMOVED_FROM_TARGET,compiled into RawrXD-Win32IDE; empty TU contributes no symbol; removal must be proven link-neutral
src/deep2/Deep2Benchmark.cpp,39f3c841dff364e9858023f248f2c954c0b81f5b6ae51d66d518e3cfe3f01c5d,1,1,1,RawrXD-Win32IDE,RawrXD-Win32IDE;deep2_benchmark,,0,no_header,0,0,0,,"main_win32.obj : error LNK2019: unresolved external symbol ""class std::basic_string<char,struct std::char_traits<char>,class std::allocator<char> > __cdecl rawrxd::receipt::beginImmutableGate(class st",E_SHIPPING_STUB,CANDIDATE_PROVEN_DEAD_REMOVED_FROM_TARGET,compiled into RawrXD-Win32IDE; empty TU contributes no symbol; removal must be proven link-neutral
src/deep2/Deep2Discovery.cpp,71ab9a8020265c488aef6c598648c9ca57f33762d8185f6c346d0fd461da7e32,1,1,1,RawrXD-Win32IDE,RawrXD-Win32IDE,,0,no_header,0,0,0,,"main_win32.obj : error LNK2019: unresolved external symbol ""class std::basic_string<char,struct std::char_traits<char>,class std::allocator<char> > __cdecl rawrxd::receipt::beginImmutableGate(class st",E_SHIPPING_STUB,CANDIDATE_PROVEN_DEAD_REMOVED_FROM_TARGET,compiled into RawrXD-Win32IDE; empty TU contributes no symbol; removal must be proven link-neutral
src/deep2/Deep2InferenceGateway.cpp,193986cd7f01a6b7e315af9e46220d28b05aadd39b0a86f954f866136608295a,1,1,1,RawrXD-Win32IDE,RawrXD-Win32IDE,,0,no_header,0,0,0,,"main_win32.obj : error LNK2019: unresolved external symbol ""class std::basic_string<char,struct std::char_traits<char>,class std::allocator<char> > __cdecl rawrxd::receipt::beginImmutableGate(class st",E_SHIPPING_STUB,CANDIDATE_PROVEN_DEAD_REMOVED_FROM_TARGET,compiled into RawrXD-Win32IDE; empty TU contributes no symbol; removal must be proven link-neutral
src/deep2/Deep2Integration.cpp,a59b6485dea2e055c6b9f7abd9e934c8b864f532e6d6148c803b0ccd14a2c58d,1,1,1,RawrXD-Win32IDE,RawrXD-Win32IDE,,0,no_header,0,0,0,,"main_win32.obj : error LNK2019: unresolved external symbol ""class std::basic_string<char,struct std::char_traits<char>,class std::allocator<char> > __cdecl rawrxd::receipt::beginImmutableGate(class st",E_SHIPPING_STUB,CANDIDATE_PROVEN_DEAD_REMOVED_FROM_TARGET,compiled into RawrXD-Win32IDE; empty TU contributes no symbol; removal must be proven link-neutral
src/deep2/Deep2LocalServer.cpp,39cd8e6c1e6a5a551157de67d829fdf5ada9b6ae2dde2d64653a96ecf2bbdda4,1,1,1,RawrXD-Win32IDE,RawrXD-Win32IDE,,0,no_header,0,0,0,,"main_win32.obj : error LNK2019: unresolved external symbol ""class std::basic_string<char,struct std::char_traits<char>,class std::allocator<char> > __cdecl rawrxd::receipt::beginImmutableGate(class st",E_SHIPPING_STUB,CANDIDATE_PROVEN_DEAD_REMOVED_FROM_TARGET,compiled into RawrXD-Win32IDE; empty TU contributes no symbol; removal must be proven link-neutral
src/deep2/GGUFDiagnostics.cpp,3ad1eba51f68ecda48b2a301c64c38277ab25a637f77decc9a0c7f498de92463,1,1,1,RawrXD-Win32IDE,RawrXD-Win32IDE,,0,no_header,0,0,0,,"main_win32.obj : error LNK2019: unresolved external symbol ""class std::basic_string<char,struct std::char_traits<char>,class std::allocator<char> > __cdecl rawrxd::receipt::beginImmutableGate(class st",E_SHIPPING_STUB,CANDIDATE_PROVEN_DEAD_REMOVED_FROM_TARGET,compiled into RawrXD-Win32IDE; empty TU contributes no symbol; removal must be proven link-neutral
src/deep2/MultiGPU/GPUDeviceRegistry.cpp,ada1e7611cc8e2f94fe94e3e1138960d13dad2938936290d7aa142921fbd4db4,1,1,1,RawrXD-Win32IDE,RawrXD-Win32IDE,,0,no_header,0,0,0,,"main_win32.obj : error LNK2019: unresolved external symbol ""class std::basic_string<char,struct std::char_traits<char>,class std::allocator<char> > __cdecl rawrxd::receipt::beginImmutableGate(class st",E_SHIPPING_STUB,CANDIDATE_PROVEN_DEAD_REMOVED_FROM_TARGET,compiled into RawrXD-Win32IDE; empty TU contributes no symbol; removal must be proven link-neutral
src/deep2/MultiGPU/MultiGPUScheduler.cpp,17622ce95f44a94fc52d81732251fb39a2cb23a8980dd4714983b18d95bbaa65,1,1,1,RawrXD-Win32IDE,RawrXD-Win32IDE,,0,no_header,0,0,0,,"main_win32.obj : error LNK2019: unresolved external symbol ""class std::basic_string<char,struct std::char_traits<char>,class std::allocator<char> > __cdecl rawrxd::receipt::beginImmutableGate(class st",E_SHIPPING_STUB,CANDIDATE_PROVEN_DEAD_REMOVED_FROM_TARGET,compiled into RawrXD-Win32IDE; empty TU contributes no symbol; removal must be proven link-neutral
src/deep2/MultiGPU/VRAMAllocator.cpp,49ae455e7def28cb5296973461ca6aa5e2598d375516d0759d6ec6fa12b64b5d,1,1,1,RawrXD-Win32IDE,RawrXD-Win32IDE,,0,no_header,0,0,0,,"main_win32.obj : error LNK2019: unresolved external symbol ""class std::basic_string<char,struct std::char_traits<char>,class std::allocator<char> > __cdecl rawrxd::receipt::beginImmutableGate(class st",E_SHIPPING_STUB,CANDIDATE_PROVEN_DEAD_REMOVED_FROM_TARGET,compiled into RawrXD-Win32IDE; empty TU contributes no symbol; removal must be proven link-neutral
src/deep2/ScaleQuality.cpp,d1a090a3bf3e719ac51c861b2646f0b807ab5b638290f13236ee67aacf9a4946,1,1,1,RawrXD-Win32IDE,RawrXD-Win32IDE,,0,no_header,0,0,0,,"main_win32.obj : error LNK2019: unresolved external symbol ""class std::basic_string<char,struct std::char_traits<char>,class std::allocator<char> > __cdecl rawrxd::receipt::beginImmutableGate(class st",E_SHIPPING_STUB,CANDIDATE_PROVEN_DEAD_REMOVED_FROM_TARGET,compiled into RawrXD-Win32IDE; empty TU contributes no symbol; removal must be proven link-neutral
src/deep2/deep2_http_gateway.cpp,c2f11ccd45214de03f5451258f5b29497b4061a3dc58a522ac5c57d1697ce42a,1,1,1,RawrXD-Win32IDE,RawrXD-Win32IDE,,0,no_header,0,0,0,,"main_win32.obj : error LNK2019: unresolved external symbol ""class std::basic_string<char,struct std::char_traits<char>,class std::allocator<char> > __cdecl rawrxd::receipt::beginImmutableGate(class st",E_SHIPPING_STUB,CANDIDATE_PROVEN_DEAD_REMOVED_FROM_TARGET,compiled into RawrXD-Win32IDE; empty TU contributes no symbol; removal must be proven link-neutral
src/deep2/gpu/Deep2GPUBackend.cpp,14dffabc3480c2965be25539b1782dc74e5956df071a493d68f4e01a2ec3dedd,1,1,1,RawrXD-Win32IDE,RawrXD-Win32IDE,,0,no_header,0,0,0,,"main_win32.obj : error LNK2019: unresolved external symbol ""class std::basic_string<char,struct std::char_traits<char>,class std::allocator<char> > __cdecl rawrxd::receipt::beginImmutableGate(class st",E_SHIPPING_STUB,CANDIDATE_PROVEN_DEAD_REMOVED_FROM_TARGET,compiled into RawrXD-Win32IDE; empty TU contributes no symbol; removal must be proven link-neutral
src/deep2/mcp_bridge.cpp,b6a8696e545a3b6c61c7d5907ac4000314b7525f71382780d8a2e3458fb96f96,1,1,1,RawrXD-Win32IDE,RawrXD-Win32IDE,,0,no_header,0,0,0,,"main_win32.obj : error LNK2019: unresolved external symbol ""class std::basic_string<char,struct std::char_traits<char>,class std::allocator<char> > __cdecl rawrxd::receipt::beginImmutableGate(class st",E_SHIPPING_STUB,CANDIDATE_PROVEN_DEAD_REMOVED_FROM_TARGET,compiled into RawrXD-Win32IDE; empty TU contributes no symbol; removal must be proven link-neutral
src/deep2/production/Deep2ProductionRuntime.cpp,5f0e72729c87fe3e0c89c4302eae258a92c574c89845329e0bfa7bdd68e641b0,1,1,1,RawrXD-Win32IDE,RawrXD-Win32IDE,,0,no_header,0,0,0,,"main_win32.obj : error LNK2019: unresolved external symbol ""class std::basic_string<char,struct std::char_traits<char>,class std::allocator<char> > __cdecl rawrxd::receipt::beginImmutableGate(class st",E_SHIPPING_STUB,CANDIDATE_PROVEN_DEAD_REMOVED_FROM_TARGET,compiled into RawrXD-Win32IDE; empty TU contributes no symbol; removal must be proven link-neutral
src/full_agentic_ide/AgenticIOCPBridge.cpp,5e05a0c7f33d4175ac2f8adf3e532c5cffb024243f6af766af93d53cb8157c13,1,1,1,RawrXD-Win32IDE,RawrXD-Win32IDE,,0,no_header,0,0,0,,"main_win32.obj : error LNK2019: unresolved external symbol ""class std::basic_string<char,struct std::char_traits<char>,class std::allocator<char> > __cdecl rawrxd::receipt::beginImmutableGate(class st",E_SHIPPING_STUB,CANDIDATE_PROVEN_DEAD_REMOVED_FROM_TARGET,compiled into RawrXD-Win32IDE; empty TU contributes no symbol; removal must be proven link-neutral
src/full_agentic_ide/AgenticPlanningOrchestrator.cpp,55ca488acbc5802e5abfdd9a7408358d6329b99c3d95324e9e7f2b2552a7e232,1,1,1,RawrXD-Win32IDE,RawrXD-Win32IDE,,0,no_header,0,0,0,,"main_win32.obj : error LNK2019: unresolved external symbol ""class std::basic_string<char,struct std::char_traits<char>,class std::allocator<char> > __cdecl rawrxd::receipt::beginImmutableGate(class st",E_SHIPPING_STUB,CANDIDATE_PROVEN_DEAD_REMOVED_FROM_TARGET,compiled into RawrXD-Win32IDE; empty TU contributes no symbol; removal must be proven link-neutral
src/full_agentic_ide/FullAgenticIDE.cpp,1f34f0bb2f6584ef4ccbe77fa99b8b3d7776418e0ef33f0f6b83168c2caf5f5e,1,1,1,RawrXD-Win32IDE,RawrXD-Win32IDE,,0,no_header,0,0,0,,"main_win32.obj : error LNK2019: unresolved external symbol ""class std::basic_string<char,struct std::char_traits<char>,class std::allocator<char> > __cdecl rawrxd::receipt::beginImmutableGate(class st",E_SHIPPING_STUB,CANDIDATE_PROVEN_DEAD_REMOVED_FROM_TARGET,compiled into RawrXD-Win32IDE; empty TU contributes no symbol; removal must be proven link-neutral
src/ide/ANSIColorParser.cpp,a7779a0125989773fac96a20ddaca215ecbfaa84c90ac9a953ec015308e0b5b0,1,1,1,RawrXD-Win32IDE,RawrXD-Win32IDE,,0,no_header,0,0,0,,"main_win32.obj : error LNK2019: unresolved external symbol ""class std::basic_string<char,struct std::char_traits<char>,class std::allocator<char> > __cdecl rawrxd::receipt::beginImmutableGate(class st",E_SHIPPING_STUB,CANDIDATE_PROVEN_DEAD_REMOVED_FROM_TARGET,compiled into RawrXD-Win32IDE; empty TU contributes no symbol; removal must be proven link-neutral
src/ide/Deep2Bridge.cpp,08240b1abe5119c1da82bc37b326e6369f083abb5bc367250417fb290a656589,1,1,1,RawrXD-Win32IDE,RawrXD-Win32IDE,,0,no_header,0,0,0,,"main_win32.obj : error LNK2019: unresolved external symbol ""class std::basic_string<char,struct std::char_traits<char>,class std::allocator<char> > __cdecl rawrxd::receipt::beginImmutableGate(class st",E_SHIPPING_STUB,CANDIDATE_PROVEN_DEAD_REMOVED_FROM_TARGET,compiled into RawrXD-Win32IDE; empty TU contributes no symbol; removal must be proven link-neutral
src/ide/FindReplaceDialog.cpp,6929161088bdb6c8e01254eea7e8d5502fd5c67f62db0e795ed1603ca4798010,1,1,1,RawrXD-Win32IDE,RawrXD-Win32IDE,,0,no_header,0,0,0,,"main_win32.obj : error LNK2019: unresolved external symbol ""class std::basic_string<char,struct std::char_traits<char>,class std::allocator<char> > __cdecl rawrxd::receipt::beginImmutableGate(class st",E_SHIPPING_STUB,CANDIDATE_PROVEN_DEAD_REMOVED_FROM_TARGET,compiled into RawrXD-Win32IDE; empty TU contributes no symbol; removal must be proven link-neutral
src/ide/GitCommitDialog.cpp,1523da8bc6595838164f4d885d200f8007e8553a654a65d43f09fd7e519610c3,1,1,1,RawrXD-Win32IDE,RawrXD-Win32IDE,,0,no_header,0,0,0,,"main_win32.obj : error LNK2019: unresolved external symbol ""class std::basic_string<char,struct std::char_traits<char>,class std::allocator<char> > __cdecl rawrxd::receipt::beginImmutableGate(class st",E_SHIPPING_STUB,CANDIDATE_PROVEN_DEAD_REMOVED_FROM_TARGET,compiled into RawrXD-Win32IDE; empty TU contributes no symbol; removal must be proven link-neutral
src/ide/GitDiffViewer.cpp,152253f240770452ab24a0ea4e244ff27d09a981e584481aaf9aaa6219dd3a77,1,1,1,RawrXD-Win32IDE,RawrXD-Win32IDE,,0,no_header,0,0,0,,"main_win32.obj : error LNK2019: unresolved external symbol ""class std::basic_string<char,struct std::char_traits<char>,class std::allocator<char> > __cdecl rawrxd::receipt::beginImmutableGate(class st",E_SHIPPING_STUB,CANDIDATE_PROVEN_DEAD_REMOVED_FROM_TARGET,compiled into RawrXD-Win32IDE; empty TU contributes no symbol; removal must be proven link-neutral
src/inference/ai_model_caller_real.cpp,aa491fb4c125e2e42d1a7edca9ffff79fe2ed8e890977d73eb5e3ca6b36a91de,1,1,1,RawrXD-Win32IDE,RawrXD-Win32IDE,,0,no_header,0,0,0,,"main_win32.obj : error LNK2019: unresolved external symbol ""class std::basic_string<char,struct std::char_traits<char>,class std::allocator<char> > __cdecl rawrxd::receipt::beginImmutableGate(class st",E_SHIPPING_STUB,CANDIDATE_PROVEN_DEAD_REMOVED_FROM_TARGET,compiled into RawrXD-Win32IDE; empty TU contributes no symbol; removal must be proven link-neutral
src/inference/inference_engine_real.cpp,6f62dddd0cee0c9391f2fceb447c2b6ae6c854eaddfc9095f80fe801e6d400d5,1,1,1,RawrXD-Win32IDE,RawrXD-Win32IDE,,0,no_header,0,0,0,,"main_win32.obj : error LNK2019: unresolved external symbol ""class std::basic_string<char,struct std::char_traits<char>,class std::allocator<char> > __cdecl rawrxd::receipt::beginImmutableGate(class st",E_SHIPPING_STUB,CANDIDATE_PROVEN_DEAD_REMOVED_FROM_TARGET,compiled into RawrXD-Win32IDE; empty TU contributes no symbol; removal must be proven link-neutral
