TARGET	TARGET_CREATED	GUARD_SEVERITY	CLASSIFICATION
rawrxd-serve	0	NONE	NO_TARGET_CREATED
RawrXD-Crypto	0	NONE	NO_TARGET_CREATED
SovereignTest_Suite	0	NONE	NO_TARGET_CREATED
SovereignTest_VAL038_E2E	0	NONE	NO_TARGET_CREATED
Deep2_Batch_Test	0	NONE	NO_TARGET_CREATED
rkc_deep2_model_authority_cert	0	NONE	NO_TARGET_CREATED
rkc_model_inventory_cert	0	NONE	NO_TARGET_CREATED
rkc_negative_knowledge_cert	0	NONE	NO_TARGET_CREATED
rkc_minimal_source_cert	0	NONE	NO_TARGET_CREATED
rkc_code_world_cert	0	NONE	NO_TARGET_CREATED
rkc_smoke	0	NONE	NO_TARGET_CREATED
rkc_product_context_smoke	0	NONE	NO_TARGET_CREATED
p1_ui_encoding_cert	0	NONE	NO_TARGET_CREATED
p1_ui_menu_e2e_cert	0	NONE	NO_TARGET_CREATED
p1_ui_sidebar_encoding_cert	0	NONE	NO_TARGET_CREATED
p1_ui_menu_lifetime_cert	0	NONE	NO_TARGET_CREATED
SovereignTest_PatchRegistry	0	NONE	NO_TARGET_CREATED
SovereignTest_HotPatcher	0	NONE	NO_TARGET_CREATED
SovereignTest_AutonomousAgent	0	NONE	NO_TARGET_CREATED
SovereignTest_AntiHallucination	0	NONE	NO_TARGET_CREATED
address_resolver_native	0	REPORT	NO_TARGET_CREATED
RawrXDScriptDAPAdapter	0	STRICT	NO_TARGET_CREATED
pmc_profiler	0	REPORT	NO_TARGET_CREATED
flame_graph_profiler	0	REPORT	NO_TARGET_CREATED
